route_path,method,guard_mode,middleware_test,handler_guard_test,anonymous_test,tenant_owner_test,tenant_admin_test,tenant_member_test,stakeholder_test,service_role_test,denial_no_side_effect_test,allowed_role_test,readonly_contract_test,critical_step_up_test,status,evidence
/api/v1/platform/audit,GET,read,apps/web/middleware.platform-negative.test.ts::calls gateOwnerRequest with exact pathname/method for GET /api/v1/platform/audit,apps/web/app/api/v1/platform/audit/route.test.ts::calls requirePlatformOwnerApi first with mode read,apps/web/app/api/v1/platform/audit/route.test.ts::denies anonymous without side effects,apps/web/app/api/v1/platform/audit/route.test.ts::denies tenant_owner without side effects,apps/web/app/api/v1/platform/audit/route.test.ts::denies tenant_admin without side effects,apps/web/app/api/v1/platform/audit/route.test.ts::denies tenant_member without side effects,apps/web/app/api/v1/platform/audit/route.test.ts::denies stakeholder without side effects,apps/web/app/api/v1/platform/audit/route.test.ts::denies service_role without side effects,apps/web/app/api/v1/platform/audit/route.test.ts::denies anonymous without side effects,apps/web/app/api/v1/platform/audit/route.test.ts::allows OWNER_READONLY success branch,"apps/web/lib/platform-owner/require-platform-owner-api.test.ts::read mode allows OWNER_READONLY, OWNER_OPERATOR, OWNER;n/a — GET/read method uses standard read capability (not the safe-audit POST exception)","n/a — guard_mode is read, not critical",PROVEN,"apps/web/middleware.platform-negative.test.ts::calls gateOwnerRequest with exact pathname/method for GET /api/v1/platform/audit;apps/web/app/api/v1/platform/audit/route.test.ts::calls requirePlatformOwnerApi first with mode read;apps/web/app/api/v1/platform/audit/route.test.ts::denies anonymous without side effects;apps/web/app/api/v1/platform/audit/route.test.ts::denies tenant_owner without side effects;apps/web/app/api/v1/platform/audit/route.test.ts::denies tenant_admin without side effects;apps/web/app/api/v1/platform/audit/route.test.ts::denies tenant_member without side effects;apps/web/app/api/v1/platform/audit/route.test.ts::denies stakeholder without side effects;apps/web/app/api/v1/platform/audit/route.test.ts::denies service_role without side effects;apps/web/app/api/v1/platform/audit/route.test.ts::denies anonymous without side effects;apps/web/app/api/v1/platform/audit/route.test.ts::allows OWNER_READONLY success branch;apps/web/lib/platform-owner/require-platform-owner-api.test.ts::read mode allows OWNER_READONLY, OWNER_OPERATOR, OWNER;n/a — GET/read method uses standard read capability (not the safe-audit POST exception);n/a — guard_mode is read, not critical;apps/web/lib/platform-owner/phase2b4-platform-inventory.test.ts::matches expected method and guard-mode counts with UNKNOWN=0"
/api/v1/platform/billing/pilot-status,GET,read,apps/web/middleware.platform-negative.test.ts::calls gateOwnerRequest with exact pathname/method for GET /api/v1/platform/billing/pilot-status,apps/web/app/api/v1/platform/billing/pilot-status/route.test.ts::calls requirePlatformOwnerApi first with mode read,apps/web/app/api/v1/platform/billing/pilot-status/route.test.ts::denies anonymous without side effects,apps/web/app/api/v1/platform/billing/pilot-status/route.test.ts::denies tenant_owner without side effects,apps/web/app/api/v1/platform/billing/pilot-status/route.test.ts::denies tenant_admin without side effects,apps/web/app/api/v1/platform/billing/pilot-status/route.test.ts::denies tenant_member without side effects,apps/web/app/api/v1/platform/billing/pilot-status/route.test.ts::denies stakeholder without side effects,apps/web/app/api/v1/platform/billing/pilot-status/route.test.ts::denies service_role without side effects,apps/web/app/api/v1/platform/billing/pilot-status/route.test.ts::denies anonymous without side effects,apps/web/app/api/v1/platform/billing/pilot-status/route.test.ts::allows OWNER_READONLY success branch,"apps/web/lib/platform-owner/require-platform-owner-api.test.ts::read mode allows OWNER_READONLY, OWNER_OPERATOR, OWNER;n/a — GET/read method uses standard read capability (not the safe-audit POST exception)","n/a — guard_mode is read, not critical",PROVEN,"apps/web/middleware.platform-negative.test.ts::calls gateOwnerRequest with exact pathname/method for GET /api/v1/platform/billing/pilot-status;apps/web/app/api/v1/platform/billing/pilot-status/route.test.ts::calls requirePlatformOwnerApi first with mode read;apps/web/app/api/v1/platform/billing/pilot-status/route.test.ts::denies anonymous without side effects;apps/web/app/api/v1/platform/billing/pilot-status/route.test.ts::denies tenant_owner without side effects;apps/web/app/api/v1/platform/billing/pilot-status/route.test.ts::denies tenant_admin without side effects;apps/web/app/api/v1/platform/billing/pilot-status/route.test.ts::denies tenant_member without side effects;apps/web/app/api/v1/platform/billing/pilot-status/route.test.ts::denies stakeholder without side effects;apps/web/app/api/v1/platform/billing/pilot-status/route.test.ts::denies service_role without side effects;apps/web/app/api/v1/platform/billing/pilot-status/route.test.ts::denies anonymous without side effects;apps/web/app/api/v1/platform/billing/pilot-status/route.test.ts::allows OWNER_READONLY success branch;apps/web/lib/platform-owner/require-platform-owner-api.test.ts::read mode allows OWNER_READONLY, OWNER_OPERATOR, OWNER;n/a — GET/read method uses standard read capability (not the safe-audit POST exception);n/a — guard_mode is read, not critical;apps/web/lib/platform-owner/phase2b4-platform-inventory.test.ts::matches expected method and guard-mode counts with UNKNOWN=0"
/api/v1/platform/billing/pilot-workspaces,GET,read,apps/web/middleware.platform-negative.test.ts::calls gateOwnerRequest with exact pathname/method for GET /api/v1/platform/billing/pilot-workspaces,apps/web/app/api/v1/platform/billing/pilot-workspaces/route.test.ts::calls requirePlatformOwnerApi first with mode read,apps/web/app/api/v1/platform/billing/pilot-workspaces/route.test.ts::denies anonymous without side effects,apps/web/app/api/v1/platform/billing/pilot-workspaces/route.test.ts::denies tenant_owner without side effects,apps/web/app/api/v1/platform/billing/pilot-workspaces/route.test.ts::denies tenant_admin without side effects,apps/web/app/api/v1/platform/billing/pilot-workspaces/route.test.ts::denies tenant_member without side effects,apps/web/app/api/v1/platform/billing/pilot-workspaces/route.test.ts::denies stakeholder without side effects,apps/web/app/api/v1/platform/billing/pilot-workspaces/route.test.ts::denies service_role without side effects,apps/web/app/api/v1/platform/billing/pilot-workspaces/route.test.ts::denies anonymous without side effects,apps/web/app/api/v1/platform/billing/pilot-workspaces/route.test.ts::allows OWNER_READONLY success branch,"apps/web/lib/platform-owner/require-platform-owner-api.test.ts::read mode allows OWNER_READONLY, OWNER_OPERATOR, OWNER;n/a — GET/read method uses standard read capability (not the safe-audit POST exception)","n/a — guard_mode is read, not critical",PROVEN,"apps/web/middleware.platform-negative.test.ts::calls gateOwnerRequest with exact pathname/method for GET /api/v1/platform/billing/pilot-workspaces;apps/web/app/api/v1/platform/billing/pilot-workspaces/route.test.ts::calls requirePlatformOwnerApi first with mode read;apps/web/app/api/v1/platform/billing/pilot-workspaces/route.test.ts::denies anonymous without side effects;apps/web/app/api/v1/platform/billing/pilot-workspaces/route.test.ts::denies tenant_owner without side effects;apps/web/app/api/v1/platform/billing/pilot-workspaces/route.test.ts::denies tenant_admin without side effects;apps/web/app/api/v1/platform/billing/pilot-workspaces/route.test.ts::denies tenant_member without side effects;apps/web/app/api/v1/platform/billing/pilot-workspaces/route.test.ts::denies stakeholder without side effects;apps/web/app/api/v1/platform/billing/pilot-workspaces/route.test.ts::denies service_role without side effects;apps/web/app/api/v1/platform/billing/pilot-workspaces/route.test.ts::denies anonymous without side effects;apps/web/app/api/v1/platform/billing/pilot-workspaces/route.test.ts::allows OWNER_READONLY success branch;apps/web/lib/platform-owner/require-platform-owner-api.test.ts::read mode allows OWNER_READONLY, OWNER_OPERATOR, OWNER;n/a — GET/read method uses standard read capability (not the safe-audit POST exception);n/a — guard_mode is read, not critical;apps/web/lib/platform-owner/phase2b4-platform-inventory.test.ts::matches expected method and guard-mode counts with UNKNOWN=0"
/api/v1/platform/billing/pilot-workspaces,POST,write,apps/web/middleware.platform-negative.test.ts::calls gateOwnerRequest with exact pathname/method for POST /api/v1/platform/billing/pilot-workspaces,apps/web/app/api/v1/platform/billing/pilot-workspaces/route.test.ts::calls requirePlatformOwnerApi first with mode write,apps/web/app/api/v1/platform/billing/pilot-workspaces/route.test.ts::denies anonymous without side effects,apps/web/app/api/v1/platform/billing/pilot-workspaces/route.test.ts::denies tenant_owner without side effects,apps/web/app/api/v1/platform/billing/pilot-workspaces/route.test.ts::denies tenant_admin without side effects,apps/web/app/api/v1/platform/billing/pilot-workspaces/route.test.ts::denies tenant_member without side effects,apps/web/app/api/v1/platform/billing/pilot-workspaces/route.test.ts::denies stakeholder without side effects,apps/web/app/api/v1/platform/billing/pilot-workspaces/route.test.ts::denies service_role without side effects,apps/web/app/api/v1/platform/billing/pilot-workspaces/route.test.ts::denies anonymous without side effects,apps/web/app/api/v1/platform/billing/pilot-workspaces/route.test.ts::allows OWNER_OPERATOR success branch,apps/web/app/api/v1/platform/billing/pilot-workspaces/route.test.ts::OWNER_READONLY denied path leaves business deps uncalled when guard denies;apps/web/lib/platform-owner/require-platform-owner-api.test.ts::write mode denies OWNER_READONLY before side effects,"n/a — guard_mode is write, not critical",PROVEN,"apps/web/middleware.platform-negative.test.ts::calls gateOwnerRequest with exact pathname/method for POST /api/v1/platform/billing/pilot-workspaces;apps/web/app/api/v1/platform/billing/pilot-workspaces/route.test.ts::calls requirePlatformOwnerApi first with mode write;apps/web/app/api/v1/platform/billing/pilot-workspaces/route.test.ts::denies anonymous without side effects;apps/web/app/api/v1/platform/billing/pilot-workspaces/route.test.ts::denies tenant_owner without side effects;apps/web/app/api/v1/platform/billing/pilot-workspaces/route.test.ts::denies tenant_admin without side effects;apps/web/app/api/v1/platform/billing/pilot-workspaces/route.test.ts::denies tenant_member without side effects;apps/web/app/api/v1/platform/billing/pilot-workspaces/route.test.ts::denies stakeholder without side effects;apps/web/app/api/v1/platform/billing/pilot-workspaces/route.test.ts::denies service_role without side effects;apps/web/app/api/v1/platform/billing/pilot-workspaces/route.test.ts::denies anonymous without side effects;apps/web/app/api/v1/platform/billing/pilot-workspaces/route.test.ts::allows OWNER_OPERATOR success branch;apps/web/app/api/v1/platform/billing/pilot-workspaces/route.test.ts::OWNER_READONLY denied path leaves business deps uncalled when guard denies;apps/web/lib/platform-owner/require-platform-owner-api.test.ts::write mode denies OWNER_READONLY before side effects;n/a — guard_mode is write, not critical;apps/web/lib/platform-owner/phase2b4-platform-inventory.test.ts::matches expected method and guard-mode counts with UNKNOWN=0"
/api/v1/platform/billing/pilot-workspaces/:workspaceId,DELETE,write,apps/web/middleware.platform-negative.test.ts::calls gateOwnerRequest with exact pathname/method for DELETE /api/v1/platform/billing/pilot-workspaces/ws-1,apps/web/app/api/v1/platform/billing/pilot-workspaces/[workspaceId]/route.test.ts::calls requirePlatformOwnerApi first with mode write,apps/web/app/api/v1/platform/billing/pilot-workspaces/[workspaceId]/route.test.ts::denies anonymous without side effects,apps/web/app/api/v1/platform/billing/pilot-workspaces/[workspaceId]/route.test.ts::denies tenant_owner without side effects,apps/web/app/api/v1/platform/billing/pilot-workspaces/[workspaceId]/route.test.ts::denies tenant_admin without side effects,apps/web/app/api/v1/platform/billing/pilot-workspaces/[workspaceId]/route.test.ts::denies tenant_member without side effects,apps/web/app/api/v1/platform/billing/pilot-workspaces/[workspaceId]/route.test.ts::denies stakeholder without side effects,apps/web/app/api/v1/platform/billing/pilot-workspaces/[workspaceId]/route.test.ts::denies service_role without side effects,apps/web/app/api/v1/platform/billing/pilot-workspaces/[workspaceId]/route.test.ts::denies anonymous without side effects,apps/web/app/api/v1/platform/billing/pilot-workspaces/[workspaceId]/route.test.ts::allows OWNER_OPERATOR success branch,apps/web/app/api/v1/platform/billing/pilot-workspaces/[workspaceId]/route.test.ts::OWNER_READONLY denied path leaves business deps uncalled when guard denies;apps/web/lib/platform-owner/require-platform-owner-api.test.ts::write mode denies OWNER_READONLY before side effects,"n/a — guard_mode is write, not critical",PROVEN,"apps/web/middleware.platform-negative.test.ts::calls gateOwnerRequest with exact pathname/method for DELETE /api/v1/platform/billing/pilot-workspaces/ws-1;apps/web/app/api/v1/platform/billing/pilot-workspaces/[workspaceId]/route.test.ts::calls requirePlatformOwnerApi first with mode write;apps/web/app/api/v1/platform/billing/pilot-workspaces/[workspaceId]/route.test.ts::denies anonymous without side effects;apps/web/app/api/v1/platform/billing/pilot-workspaces/[workspaceId]/route.test.ts::denies tenant_owner without side effects;apps/web/app/api/v1/platform/billing/pilot-workspaces/[workspaceId]/route.test.ts::denies tenant_admin without side effects;apps/web/app/api/v1/platform/billing/pilot-workspaces/[workspaceId]/route.test.ts::denies tenant_member without side effects;apps/web/app/api/v1/platform/billing/pilot-workspaces/[workspaceId]/route.test.ts::denies stakeholder without side effects;apps/web/app/api/v1/platform/billing/pilot-workspaces/[workspaceId]/route.test.ts::denies service_role without side effects;apps/web/app/api/v1/platform/billing/pilot-workspaces/[workspaceId]/route.test.ts::denies anonymous without side effects;apps/web/app/api/v1/platform/billing/pilot-workspaces/[workspaceId]/route.test.ts::allows OWNER_OPERATOR success branch;apps/web/app/api/v1/platform/billing/pilot-workspaces/[workspaceId]/route.test.ts::OWNER_READONLY denied path leaves business deps uncalled when guard denies;apps/web/lib/platform-owner/require-platform-owner-api.test.ts::write mode denies OWNER_READONLY before side effects;n/a — guard_mode is write, not critical;apps/web/lib/platform-owner/phase2b4-platform-inventory.test.ts::matches expected method and guard-mode counts with UNKNOWN=0"
/api/v1/platform/billing/process-pending-events,POST,write,apps/web/middleware.platform-negative.test.ts::calls gateOwnerRequest with exact pathname/method for POST /api/v1/platform/billing/process-pending-events,apps/web/app/api/v1/platform/billing/process-pending-events/route.test.ts::calls requirePlatformOwnerApi first with mode write,apps/web/app/api/v1/platform/billing/process-pending-events/route.test.ts::denies anonymous without side effects,apps/web/app/api/v1/platform/billing/process-pending-events/route.test.ts::denies tenant_owner without side effects,apps/web/app/api/v1/platform/billing/process-pending-events/route.test.ts::denies tenant_admin without side effects,apps/web/app/api/v1/platform/billing/process-pending-events/route.test.ts::denies tenant_member without side effects,apps/web/app/api/v1/platform/billing/process-pending-events/route.test.ts::denies stakeholder without side effects,apps/web/app/api/v1/platform/billing/process-pending-events/route.test.ts::denies service_role without side effects,apps/web/app/api/v1/platform/billing/process-pending-events/route.test.ts::denies anonymous without side effects,apps/web/app/api/v1/platform/billing/process-pending-events/route.test.ts::allows OWNER_OPERATOR success branch,apps/web/app/api/v1/platform/billing/process-pending-events/route.test.ts::OWNER_READONLY denied path leaves business deps uncalled when guard denies;apps/web/lib/platform-owner/require-platform-owner-api.test.ts::write mode denies OWNER_READONLY before side effects,"n/a — guard_mode is write, not critical",PROVEN,"apps/web/middleware.platform-negative.test.ts::calls gateOwnerRequest with exact pathname/method for POST /api/v1/platform/billing/process-pending-events;apps/web/app/api/v1/platform/billing/process-pending-events/route.test.ts::calls requirePlatformOwnerApi first with mode write;apps/web/app/api/v1/platform/billing/process-pending-events/route.test.ts::denies anonymous without side effects;apps/web/app/api/v1/platform/billing/process-pending-events/route.test.ts::denies tenant_owner without side effects;apps/web/app/api/v1/platform/billing/process-pending-events/route.test.ts::denies tenant_admin without side effects;apps/web/app/api/v1/platform/billing/process-pending-events/route.test.ts::denies tenant_member without side effects;apps/web/app/api/v1/platform/billing/process-pending-events/route.test.ts::denies stakeholder without side effects;apps/web/app/api/v1/platform/billing/process-pending-events/route.test.ts::denies service_role without side effects;apps/web/app/api/v1/platform/billing/process-pending-events/route.test.ts::denies anonymous without side effects;apps/web/app/api/v1/platform/billing/process-pending-events/route.test.ts::allows OWNER_OPERATOR success branch;apps/web/app/api/v1/platform/billing/process-pending-events/route.test.ts::OWNER_READONLY denied path leaves business deps uncalled when guard denies;apps/web/lib/platform-owner/require-platform-owner-api.test.ts::write mode denies OWNER_READONLY before side effects;n/a — guard_mode is write, not critical;apps/web/lib/platform-owner/phase2b4-platform-inventory.test.ts::matches expected method and guard-mode counts with UNKNOWN=0"
/api/v1/platform/billing/provider-status,GET,read,apps/web/middleware.platform-negative.test.ts::calls gateOwnerRequest with exact pathname/method for GET /api/v1/platform/billing/provider-status,apps/web/app/api/v1/platform/billing/provider-status/route.test.ts::calls requirePlatformOwnerApi first with mode read,apps/web/app/api/v1/platform/billing/provider-status/route.test.ts::denies anonymous without side effects,apps/web/app/api/v1/platform/billing/provider-status/route.test.ts::denies tenant_owner without side effects,apps/web/app/api/v1/platform/billing/provider-status/route.test.ts::denies tenant_admin without side effects,apps/web/app/api/v1/platform/billing/provider-status/route.test.ts::denies tenant_member without side effects,apps/web/app/api/v1/platform/billing/provider-status/route.test.ts::denies stakeholder without side effects,apps/web/app/api/v1/platform/billing/provider-status/route.test.ts::denies service_role without side effects,apps/web/app/api/v1/platform/billing/provider-status/route.test.ts::denies anonymous without side effects,apps/web/app/api/v1/platform/billing/provider-status/route.test.ts::allows OWNER_READONLY success branch,"apps/web/lib/platform-owner/require-platform-owner-api.test.ts::read mode allows OWNER_READONLY, OWNER_OPERATOR, OWNER;n/a — GET/read method uses standard read capability (not the safe-audit POST exception)","n/a — guard_mode is read, not critical",PROVEN,"apps/web/middleware.platform-negative.test.ts::calls gateOwnerRequest with exact pathname/method for GET /api/v1/platform/billing/provider-status;apps/web/app/api/v1/platform/billing/provider-status/route.test.ts::calls requirePlatformOwnerApi first with mode read;apps/web/app/api/v1/platform/billing/provider-status/route.test.ts::denies anonymous without side effects;apps/web/app/api/v1/platform/billing/provider-status/route.test.ts::denies tenant_owner without side effects;apps/web/app/api/v1/platform/billing/provider-status/route.test.ts::denies tenant_admin without side effects;apps/web/app/api/v1/platform/billing/provider-status/route.test.ts::denies tenant_member without side effects;apps/web/app/api/v1/platform/billing/provider-status/route.test.ts::denies stakeholder without side effects;apps/web/app/api/v1/platform/billing/provider-status/route.test.ts::denies service_role without side effects;apps/web/app/api/v1/platform/billing/provider-status/route.test.ts::denies anonymous without side effects;apps/web/app/api/v1/platform/billing/provider-status/route.test.ts::allows OWNER_READONLY success branch;apps/web/lib/platform-owner/require-platform-owner-api.test.ts::read mode allows OWNER_READONLY, OWNER_OPERATOR, OWNER;n/a — GET/read method uses standard read capability (not the safe-audit POST exception);n/a — guard_mode is read, not critical;apps/web/lib/platform-owner/phase2b4-platform-inventory.test.ts::matches expected method and guard-mode counts with UNKNOWN=0"
/api/v1/platform/billing/reprocess-event,POST,write,apps/web/middleware.platform-negative.test.ts::calls gateOwnerRequest with exact pathname/method for POST /api/v1/platform/billing/reprocess-event,apps/web/app/api/v1/platform/billing/reprocess-event/route.test.ts::calls requirePlatformOwnerApi first with mode write,apps/web/app/api/v1/platform/billing/reprocess-event/route.test.ts::denies anonymous without side effects,apps/web/app/api/v1/platform/billing/reprocess-event/route.test.ts::denies tenant_owner without side effects,apps/web/app/api/v1/platform/billing/reprocess-event/route.test.ts::denies tenant_admin without side effects,apps/web/app/api/v1/platform/billing/reprocess-event/route.test.ts::denies tenant_member without side effects,apps/web/app/api/v1/platform/billing/reprocess-event/route.test.ts::denies stakeholder without side effects,apps/web/app/api/v1/platform/billing/reprocess-event/route.test.ts::denies service_role without side effects,apps/web/app/api/v1/platform/billing/reprocess-event/route.test.ts::denies anonymous without side effects,apps/web/app/api/v1/platform/billing/reprocess-event/route.test.ts::allows OWNER_OPERATOR success branch,apps/web/app/api/v1/platform/billing/reprocess-event/route.test.ts::OWNER_READONLY denied path leaves business deps uncalled when guard denies;apps/web/lib/platform-owner/require-platform-owner-api.test.ts::write mode denies OWNER_READONLY before side effects,"n/a — guard_mode is write, not critical",PROVEN,"apps/web/middleware.platform-negative.test.ts::calls gateOwnerRequest with exact pathname/method for POST /api/v1/platform/billing/reprocess-event;apps/web/app/api/v1/platform/billing/reprocess-event/route.test.ts::calls requirePlatformOwnerApi first with mode write;apps/web/app/api/v1/platform/billing/reprocess-event/route.test.ts::denies anonymous without side effects;apps/web/app/api/v1/platform/billing/reprocess-event/route.test.ts::denies tenant_owner without side effects;apps/web/app/api/v1/platform/billing/reprocess-event/route.test.ts::denies tenant_admin without side effects;apps/web/app/api/v1/platform/billing/reprocess-event/route.test.ts::denies tenant_member without side effects;apps/web/app/api/v1/platform/billing/reprocess-event/route.test.ts::denies stakeholder without side effects;apps/web/app/api/v1/platform/billing/reprocess-event/route.test.ts::denies service_role without side effects;apps/web/app/api/v1/platform/billing/reprocess-event/route.test.ts::denies anonymous without side effects;apps/web/app/api/v1/platform/billing/reprocess-event/route.test.ts::allows OWNER_OPERATOR success branch;apps/web/app/api/v1/platform/billing/reprocess-event/route.test.ts::OWNER_READONLY denied path leaves business deps uncalled when guard denies;apps/web/lib/platform-owner/require-platform-owner-api.test.ts::write mode denies OWNER_READONLY before side effects;n/a — guard_mode is write, not critical;apps/web/lib/platform-owner/phase2b4-platform-inventory.test.ts::matches expected method and guard-mode counts with UNKNOWN=0"
/api/v1/platform/billing/reprocess-workspace-events,POST,write,apps/web/middleware.platform-negative.test.ts::calls gateOwnerRequest with exact pathname/method for POST /api/v1/platform/billing/reprocess-workspace-events,apps/web/app/api/v1/platform/billing/reprocess-workspace-events/route.test.ts::calls requirePlatformOwnerApi first with mode write,apps/web/app/api/v1/platform/billing/reprocess-workspace-events/route.test.ts::denies anonymous without side effects,apps/web/app/api/v1/platform/billing/reprocess-workspace-events/route.test.ts::denies tenant_owner without side effects,apps/web/app/api/v1/platform/billing/reprocess-workspace-events/route.test.ts::denies tenant_admin without side effects,apps/web/app/api/v1/platform/billing/reprocess-workspace-events/route.test.ts::denies tenant_member without side effects,apps/web/app/api/v1/platform/billing/reprocess-workspace-events/route.test.ts::denies stakeholder without side effects,apps/web/app/api/v1/platform/billing/reprocess-workspace-events/route.test.ts::denies service_role without side effects,apps/web/app/api/v1/platform/billing/reprocess-workspace-events/route.test.ts::denies anonymous without side effects,apps/web/app/api/v1/platform/billing/reprocess-workspace-events/route.test.ts::allows OWNER_OPERATOR success branch,apps/web/app/api/v1/platform/billing/reprocess-workspace-events/route.test.ts::OWNER_READONLY denied path leaves business deps uncalled when guard denies;apps/web/lib/platform-owner/require-platform-owner-api.test.ts::write mode denies OWNER_READONLY before side effects,"n/a — guard_mode is write, not critical",PROVEN,"apps/web/middleware.platform-negative.test.ts::calls gateOwnerRequest with exact pathname/method for POST /api/v1/platform/billing/reprocess-workspace-events;apps/web/app/api/v1/platform/billing/reprocess-workspace-events/route.test.ts::calls requirePlatformOwnerApi first with mode write;apps/web/app/api/v1/platform/billing/reprocess-workspace-events/route.test.ts::denies anonymous without side effects;apps/web/app/api/v1/platform/billing/reprocess-workspace-events/route.test.ts::denies tenant_owner without side effects;apps/web/app/api/v1/platform/billing/reprocess-workspace-events/route.test.ts::denies tenant_admin without side effects;apps/web/app/api/v1/platform/billing/reprocess-workspace-events/route.test.ts::denies tenant_member without side effects;apps/web/app/api/v1/platform/billing/reprocess-workspace-events/route.test.ts::denies stakeholder without side effects;apps/web/app/api/v1/platform/billing/reprocess-workspace-events/route.test.ts::denies service_role without side effects;apps/web/app/api/v1/platform/billing/reprocess-workspace-events/route.test.ts::denies anonymous without side effects;apps/web/app/api/v1/platform/billing/reprocess-workspace-events/route.test.ts::allows OWNER_OPERATOR success branch;apps/web/app/api/v1/platform/billing/reprocess-workspace-events/route.test.ts::OWNER_READONLY denied path leaves business deps uncalled when guard denies;apps/web/lib/platform-owner/require-platform-owner-api.test.ts::write mode denies OWNER_READONLY before side effects;n/a — guard_mode is write, not critical;apps/web/lib/platform-owner/phase2b4-platform-inventory.test.ts::matches expected method and guard-mode counts with UNKNOWN=0"
/api/v1/platform/billing/workspace-status,GET,read,apps/web/middleware.platform-negative.test.ts::calls gateOwnerRequest with exact pathname/method for GET /api/v1/platform/billing/workspace-status,apps/web/app/api/v1/platform/billing/workspace-status/route.test.ts::calls requirePlatformOwnerApi first with mode read,apps/web/app/api/v1/platform/billing/workspace-status/route.test.ts::denies anonymous without side effects,apps/web/app/api/v1/platform/billing/workspace-status/route.test.ts::denies tenant_owner without side effects,apps/web/app/api/v1/platform/billing/workspace-status/route.test.ts::denies tenant_admin without side effects,apps/web/app/api/v1/platform/billing/workspace-status/route.test.ts::denies tenant_member without side effects,apps/web/app/api/v1/platform/billing/workspace-status/route.test.ts::denies stakeholder without side effects,apps/web/app/api/v1/platform/billing/workspace-status/route.test.ts::denies service_role without side effects,apps/web/app/api/v1/platform/billing/workspace-status/route.test.ts::denies anonymous without side effects,apps/web/app/api/v1/platform/billing/workspace-status/route.test.ts::allows OWNER_READONLY success branch,"apps/web/lib/platform-owner/require-platform-owner-api.test.ts::read mode allows OWNER_READONLY, OWNER_OPERATOR, OWNER;n/a — GET/read method uses standard read capability (not the safe-audit POST exception)","n/a — guard_mode is read, not critical",PROVEN,"apps/web/middleware.platform-negative.test.ts::calls gateOwnerRequest with exact pathname/method for GET /api/v1/platform/billing/workspace-status;apps/web/app/api/v1/platform/billing/workspace-status/route.test.ts::calls requirePlatformOwnerApi first with mode read;apps/web/app/api/v1/platform/billing/workspace-status/route.test.ts::denies anonymous without side effects;apps/web/app/api/v1/platform/billing/workspace-status/route.test.ts::denies tenant_owner without side effects;apps/web/app/api/v1/platform/billing/workspace-status/route.test.ts::denies tenant_admin without side effects;apps/web/app/api/v1/platform/billing/workspace-status/route.test.ts::denies tenant_member without side effects;apps/web/app/api/v1/platform/billing/workspace-status/route.test.ts::denies stakeholder without side effects;apps/web/app/api/v1/platform/billing/workspace-status/route.test.ts::denies service_role without side effects;apps/web/app/api/v1/platform/billing/workspace-status/route.test.ts::denies anonymous without side effects;apps/web/app/api/v1/platform/billing/workspace-status/route.test.ts::allows OWNER_READONLY success branch;apps/web/lib/platform-owner/require-platform-owner-api.test.ts::read mode allows OWNER_READONLY, OWNER_OPERATOR, OWNER;n/a — GET/read method uses standard read capability (not the safe-audit POST exception);n/a — guard_mode is read, not critical;apps/web/lib/platform-owner/phase2b4-platform-inventory.test.ts::matches expected method and guard-mode counts with UNKNOWN=0"
/api/v1/platform/critical/echo,POST,critical,apps/web/middleware.platform-negative.test.ts::calls gateOwnerRequest with exact pathname/method for POST /api/v1/platform/critical/echo,apps/web/app/api/v1/platform/critical/echo/route.test.ts::calls requirePlatformOwnerApi first with mode critical,apps/web/app/api/v1/platform/critical/echo/route.test.ts::denies anonymous without side effects,apps/web/app/api/v1/platform/critical/echo/route.test.ts::denies tenant_owner without side effects,apps/web/app/api/v1/platform/critical/echo/route.test.ts::denies tenant_admin without side effects,apps/web/app/api/v1/platform/critical/echo/route.test.ts::denies tenant_member without side effects,apps/web/app/api/v1/platform/critical/echo/route.test.ts::denies stakeholder without side effects,apps/web/app/api/v1/platform/critical/echo/route.test.ts::denies service_role without side effects,apps/web/app/api/v1/platform/critical/echo/route.test.ts::denies anonymous without side effects,apps/web/app/api/v1/platform/critical/echo/route.test.ts::allows OWNER success branch when guard returns ok,apps/web/lib/platform-owner/require-platform-owner-api.test.ts::critical mode denies OWNER_READONLY and OWNER_OPERATOR,apps/web/lib/platform-owner/require-platform-owner-api.test.ts::critical mode denies OWNER without step-up;apps/web/lib/platform-owner/require-platform-owner-api.test.ts::critical mode denies OWNER with invalid/expired step-up;apps/web/lib/platform-owner/require-platform-owner-api.test.ts::critical mode allows OWNER with valid step-up;apps/web/app/api/v1/platform/critical/echo/route.test.ts::OWNER without step-up denial leaves handler body unexecuted,PROVEN,apps/web/middleware.platform-negative.test.ts::calls gateOwnerRequest with exact pathname/method for POST /api/v1/platform/critical/echo;apps/web/app/api/v1/platform/critical/echo/route.test.ts::calls requirePlatformOwnerApi first with mode critical;apps/web/app/api/v1/platform/critical/echo/route.test.ts::denies anonymous without side effects;apps/web/app/api/v1/platform/critical/echo/route.test.ts::denies tenant_owner without side effects;apps/web/app/api/v1/platform/critical/echo/route.test.ts::denies tenant_admin without side effects;apps/web/app/api/v1/platform/critical/echo/route.test.ts::denies tenant_member without side effects;apps/web/app/api/v1/platform/critical/echo/route.test.ts::denies stakeholder without side effects;apps/web/app/api/v1/platform/critical/echo/route.test.ts::denies service_role without side effects;apps/web/app/api/v1/platform/critical/echo/route.test.ts::denies anonymous without side effects;apps/web/app/api/v1/platform/critical/echo/route.test.ts::allows OWNER success branch when guard returns ok;apps/web/lib/platform-owner/require-platform-owner-api.test.ts::critical mode denies OWNER_READONLY and OWNER_OPERATOR;apps/web/lib/platform-owner/require-platform-owner-api.test.ts::critical mode denies OWNER without step-up;apps/web/lib/platform-owner/require-platform-owner-api.test.ts::critical mode denies OWNER with invalid/expired step-up;apps/web/lib/platform-owner/require-platform-owner-api.test.ts::critical mode allows OWNER with valid step-up;apps/web/app/api/v1/platform/critical/echo/route.test.ts::OWNER without step-up denial leaves handler body unexecuted;apps/web/lib/platform-owner/phase2b4-platform-inventory.test.ts::matches expected method and guard-mode counts with UNKNOWN=0
/api/v1/platform/diagnostics,GET,read,apps/web/middleware.platform-negative.test.ts::calls gateOwnerRequest with exact pathname/method for GET /api/v1/platform/diagnostics,apps/web/app/api/v1/platform/diagnostics/route.test.ts::calls requirePlatformOwnerApi first with mode read,apps/web/app/api/v1/platform/diagnostics/route.test.ts::denies anonymous without side effects,apps/web/app/api/v1/platform/diagnostics/route.test.ts::denies tenant_owner without side effects,apps/web/app/api/v1/platform/diagnostics/route.test.ts::denies tenant_admin without side effects,apps/web/app/api/v1/platform/diagnostics/route.test.ts::denies tenant_member without side effects,apps/web/app/api/v1/platform/diagnostics/route.test.ts::denies stakeholder without side effects,apps/web/app/api/v1/platform/diagnostics/route.test.ts::denies service_role without side effects,apps/web/app/api/v1/platform/diagnostics/route.test.ts::denies anonymous without side effects,apps/web/app/api/v1/platform/diagnostics/route.test.ts::allows OWNER_READONLY success branch,"apps/web/lib/platform-owner/require-platform-owner-api.test.ts::read mode allows OWNER_READONLY, OWNER_OPERATOR, OWNER;n/a — GET/read method uses standard read capability (not the safe-audit POST exception)","n/a — guard_mode is read, not critical",PROVEN,"apps/web/middleware.platform-negative.test.ts::calls gateOwnerRequest with exact pathname/method for GET /api/v1/platform/diagnostics;apps/web/app/api/v1/platform/diagnostics/route.test.ts::calls requirePlatformOwnerApi first with mode read;apps/web/app/api/v1/platform/diagnostics/route.test.ts::denies anonymous without side effects;apps/web/app/api/v1/platform/diagnostics/route.test.ts::denies tenant_owner without side effects;apps/web/app/api/v1/platform/diagnostics/route.test.ts::denies tenant_admin without side effects;apps/web/app/api/v1/platform/diagnostics/route.test.ts::denies tenant_member without side effects;apps/web/app/api/v1/platform/diagnostics/route.test.ts::denies stakeholder without side effects;apps/web/app/api/v1/platform/diagnostics/route.test.ts::denies service_role without side effects;apps/web/app/api/v1/platform/diagnostics/route.test.ts::denies anonymous without side effects;apps/web/app/api/v1/platform/diagnostics/route.test.ts::allows OWNER_READONLY success branch;apps/web/lib/platform-owner/require-platform-owner-api.test.ts::read mode allows OWNER_READONLY, OWNER_OPERATOR, OWNER;n/a — GET/read method uses standard read capability (not the safe-audit POST exception);n/a — guard_mode is read, not critical;apps/web/lib/platform-owner/phase2b4-platform-inventory.test.ts::matches expected method and guard-mode counts with UNKNOWN=0"
/api/v1/platform/health,GET,read,apps/web/middleware.platform-negative.test.ts::calls gateOwnerRequest with exact pathname/method for GET /api/v1/platform/health,apps/web/app/api/v1/platform/health/route.test.ts::calls requirePlatformOwnerApi first with mode read,apps/web/app/api/v1/platform/health/route.test.ts::denies anonymous without side effects,apps/web/app/api/v1/platform/health/route.test.ts::denies tenant_owner without side effects,apps/web/app/api/v1/platform/health/route.test.ts::denies tenant_admin without side effects,apps/web/app/api/v1/platform/health/route.test.ts::denies tenant_member without side effects,apps/web/app/api/v1/platform/health/route.test.ts::denies stakeholder without side effects,apps/web/app/api/v1/platform/health/route.test.ts::denies service_role without side effects,apps/web/app/api/v1/platform/health/route.test.ts::denies anonymous without side effects,apps/web/app/api/v1/platform/health/route.test.ts::allows OWNER_READONLY success branch,"apps/web/lib/platform-owner/require-platform-owner-api.test.ts::read mode allows OWNER_READONLY, OWNER_OPERATOR, OWNER;n/a — GET/read method uses standard read capability (not the safe-audit POST exception)","n/a — guard_mode is read, not critical",PROVEN,"apps/web/middleware.platform-negative.test.ts::calls gateOwnerRequest with exact pathname/method for GET /api/v1/platform/health;apps/web/app/api/v1/platform/health/route.test.ts::calls requirePlatformOwnerApi first with mode read;apps/web/app/api/v1/platform/health/route.test.ts::denies anonymous without side effects;apps/web/app/api/v1/platform/health/route.test.ts::denies tenant_owner without side effects;apps/web/app/api/v1/platform/health/route.test.ts::denies tenant_admin without side effects;apps/web/app/api/v1/platform/health/route.test.ts::denies tenant_member without side effects;apps/web/app/api/v1/platform/health/route.test.ts::denies stakeholder without side effects;apps/web/app/api/v1/platform/health/route.test.ts::denies service_role without side effects;apps/web/app/api/v1/platform/health/route.test.ts::denies anonymous without side effects;apps/web/app/api/v1/platform/health/route.test.ts::allows OWNER_READONLY success branch;apps/web/lib/platform-owner/require-platform-owner-api.test.ts::read mode allows OWNER_READONLY, OWNER_OPERATOR, OWNER;n/a — GET/read method uses standard read capability (not the safe-audit POST exception);n/a — guard_mode is read, not critical;apps/web/lib/platform-owner/phase2b4-platform-inventory.test.ts::matches expected method and guard-mode counts with UNKNOWN=0"
/api/v1/platform/leads,GET,read,apps/web/middleware.platform-negative.test.ts::calls gateOwnerRequest with exact pathname/method for GET /api/v1/platform/leads,apps/web/app/api/v1/platform/leads/route.test.ts::calls requirePlatformOwnerApi first with mode read,apps/web/app/api/v1/platform/leads/route.test.ts::denies anonymous without side effects,apps/web/app/api/v1/platform/leads/route.test.ts::denies tenant_owner without side effects,apps/web/app/api/v1/platform/leads/route.test.ts::denies tenant_admin without side effects,apps/web/app/api/v1/platform/leads/route.test.ts::denies tenant_member without side effects,apps/web/app/api/v1/platform/leads/route.test.ts::denies stakeholder without side effects,apps/web/app/api/v1/platform/leads/route.test.ts::denies service_role without side effects,apps/web/app/api/v1/platform/leads/route.test.ts::denies anonymous without side effects,apps/web/app/api/v1/platform/leads/route.test.ts::allows OWNER_READONLY success branch,"apps/web/lib/platform-owner/require-platform-owner-api.test.ts::read mode allows OWNER_READONLY, OWNER_OPERATOR, OWNER;n/a — GET/read method uses standard read capability (not the safe-audit POST exception)","n/a — guard_mode is read, not critical",PROVEN,"apps/web/middleware.platform-negative.test.ts::calls gateOwnerRequest with exact pathname/method for GET /api/v1/platform/leads;apps/web/app/api/v1/platform/leads/route.test.ts::calls requirePlatformOwnerApi first with mode read;apps/web/app/api/v1/platform/leads/route.test.ts::denies anonymous without side effects;apps/web/app/api/v1/platform/leads/route.test.ts::denies tenant_owner without side effects;apps/web/app/api/v1/platform/leads/route.test.ts::denies tenant_admin without side effects;apps/web/app/api/v1/platform/leads/route.test.ts::denies tenant_member without side effects;apps/web/app/api/v1/platform/leads/route.test.ts::denies stakeholder without side effects;apps/web/app/api/v1/platform/leads/route.test.ts::denies service_role without side effects;apps/web/app/api/v1/platform/leads/route.test.ts::denies anonymous without side effects;apps/web/app/api/v1/platform/leads/route.test.ts::allows OWNER_READONLY success branch;apps/web/lib/platform-owner/require-platform-owner-api.test.ts::read mode allows OWNER_READONLY, OWNER_OPERATOR, OWNER;n/a — GET/read method uses standard read capability (not the safe-audit POST exception);n/a — guard_mode is read, not critical;apps/web/lib/platform-owner/phase2b4-platform-inventory.test.ts::matches expected method and guard-mode counts with UNKNOWN=0"
/api/v1/platform/leads/:id,GET,read,apps/web/middleware.platform-negative.test.ts::calls gateOwnerRequest with exact pathname/method for GET /api/v1/platform/leads/lead-1,apps/web/app/api/v1/platform/leads/[id]/route.test.ts::calls requirePlatformOwnerApi first with mode read,apps/web/app/api/v1/platform/leads/[id]/route.test.ts::denies anonymous without side effects,apps/web/app/api/v1/platform/leads/[id]/route.test.ts::denies tenant_owner without side effects,apps/web/app/api/v1/platform/leads/[id]/route.test.ts::denies tenant_admin without side effects,apps/web/app/api/v1/platform/leads/[id]/route.test.ts::denies tenant_member without side effects,apps/web/app/api/v1/platform/leads/[id]/route.test.ts::denies stakeholder without side effects,apps/web/app/api/v1/platform/leads/[id]/route.test.ts::denies service_role without side effects,apps/web/app/api/v1/platform/leads/[id]/route.test.ts::denies anonymous without side effects,apps/web/app/api/v1/platform/leads/[id]/route.test.ts::allows OWNER_READONLY success branch,"apps/web/lib/platform-owner/require-platform-owner-api.test.ts::read mode allows OWNER_READONLY, OWNER_OPERATOR, OWNER;n/a — GET/read method uses standard read capability (not the safe-audit POST exception)","n/a — guard_mode is read, not critical",PROVEN,"apps/web/middleware.platform-negative.test.ts::calls gateOwnerRequest with exact pathname/method for GET /api/v1/platform/leads/lead-1;apps/web/app/api/v1/platform/leads/[id]/route.test.ts::calls requirePlatformOwnerApi first with mode read;apps/web/app/api/v1/platform/leads/[id]/route.test.ts::denies anonymous without side effects;apps/web/app/api/v1/platform/leads/[id]/route.test.ts::denies tenant_owner without side effects;apps/web/app/api/v1/platform/leads/[id]/route.test.ts::denies tenant_admin without side effects;apps/web/app/api/v1/platform/leads/[id]/route.test.ts::denies tenant_member without side effects;apps/web/app/api/v1/platform/leads/[id]/route.test.ts::denies stakeholder without side effects;apps/web/app/api/v1/platform/leads/[id]/route.test.ts::denies service_role without side effects;apps/web/app/api/v1/platform/leads/[id]/route.test.ts::denies anonymous without side effects;apps/web/app/api/v1/platform/leads/[id]/route.test.ts::allows OWNER_READONLY success branch;apps/web/lib/platform-owner/require-platform-owner-api.test.ts::read mode allows OWNER_READONLY, OWNER_OPERATOR, OWNER;n/a — GET/read method uses standard read capability (not the safe-audit POST exception);n/a — guard_mode is read, not critical;apps/web/lib/platform-owner/phase2b4-platform-inventory.test.ts::matches expected method and guard-mode counts with UNKNOWN=0"
/api/v1/platform/leads/:id,PATCH,write,apps/web/middleware.platform-negative.test.ts::calls gateOwnerRequest with exact pathname/method for PATCH /api/v1/platform/leads/lead-1,apps/web/app/api/v1/platform/leads/[id]/route.test.ts::calls requirePlatformOwnerApi first with mode write,apps/web/app/api/v1/platform/leads/[id]/route.test.ts::denies anonymous without side effects,apps/web/app/api/v1/platform/leads/[id]/route.test.ts::denies tenant_owner without side effects,apps/web/app/api/v1/platform/leads/[id]/route.test.ts::denies tenant_admin without side effects,apps/web/app/api/v1/platform/leads/[id]/route.test.ts::denies tenant_member without side effects,apps/web/app/api/v1/platform/leads/[id]/route.test.ts::denies stakeholder without side effects,apps/web/app/api/v1/platform/leads/[id]/route.test.ts::denies service_role without side effects,apps/web/app/api/v1/platform/leads/[id]/route.test.ts::denies anonymous without side effects,apps/web/app/api/v1/platform/leads/[id]/route.test.ts::allows OWNER_OPERATOR success branch,apps/web/app/api/v1/platform/leads/[id]/route.test.ts::OWNER_READONLY denied path leaves business deps uncalled when guard denies;apps/web/lib/platform-owner/require-platform-owner-api.test.ts::write mode denies OWNER_READONLY before side effects,"n/a — guard_mode is write, not critical",PROVEN,"apps/web/middleware.platform-negative.test.ts::calls gateOwnerRequest with exact pathname/method for PATCH /api/v1/platform/leads/lead-1;apps/web/app/api/v1/platform/leads/[id]/route.test.ts::calls requirePlatformOwnerApi first with mode write;apps/web/app/api/v1/platform/leads/[id]/route.test.ts::denies anonymous without side effects;apps/web/app/api/v1/platform/leads/[id]/route.test.ts::denies tenant_owner without side effects;apps/web/app/api/v1/platform/leads/[id]/route.test.ts::denies tenant_admin without side effects;apps/web/app/api/v1/platform/leads/[id]/route.test.ts::denies tenant_member without side effects;apps/web/app/api/v1/platform/leads/[id]/route.test.ts::denies stakeholder without side effects;apps/web/app/api/v1/platform/leads/[id]/route.test.ts::denies service_role without side effects;apps/web/app/api/v1/platform/leads/[id]/route.test.ts::denies anonymous without side effects;apps/web/app/api/v1/platform/leads/[id]/route.test.ts::allows OWNER_OPERATOR success branch;apps/web/app/api/v1/platform/leads/[id]/route.test.ts::OWNER_READONLY denied path leaves business deps uncalled when guard denies;apps/web/lib/platform-owner/require-platform-owner-api.test.ts::write mode denies OWNER_READONLY before side effects;n/a — guard_mode is write, not critical;apps/web/lib/platform-owner/phase2b4-platform-inventory.test.ts::matches expected method and guard-mode counts with UNKNOWN=0"
/api/v1/platform/leads/bulk,PATCH,write,apps/web/middleware.platform-negative.test.ts::calls gateOwnerRequest with exact pathname/method for PATCH /api/v1/platform/leads/bulk,apps/web/app/api/v1/platform/leads/bulk/route.test.ts::calls requirePlatformOwnerApi first with mode write,apps/web/app/api/v1/platform/leads/bulk/route.test.ts::denies anonymous without side effects,apps/web/app/api/v1/platform/leads/bulk/route.test.ts::denies tenant_owner without side effects,apps/web/app/api/v1/platform/leads/bulk/route.test.ts::denies tenant_admin without side effects,apps/web/app/api/v1/platform/leads/bulk/route.test.ts::denies tenant_member without side effects,apps/web/app/api/v1/platform/leads/bulk/route.test.ts::denies stakeholder without side effects,apps/web/app/api/v1/platform/leads/bulk/route.test.ts::denies service_role without side effects,apps/web/app/api/v1/platform/leads/bulk/route.test.ts::denies anonymous without side effects,apps/web/app/api/v1/platform/leads/bulk/route.test.ts::allows OWNER_OPERATOR success branch,apps/web/app/api/v1/platform/leads/bulk/route.test.ts::OWNER_READONLY denied path leaves business deps uncalled when guard denies;apps/web/lib/platform-owner/require-platform-owner-api.test.ts::write mode denies OWNER_READONLY before side effects,"n/a — guard_mode is write, not critical",PROVEN,"apps/web/middleware.platform-negative.test.ts::calls gateOwnerRequest with exact pathname/method for PATCH /api/v1/platform/leads/bulk;apps/web/app/api/v1/platform/leads/bulk/route.test.ts::calls requirePlatformOwnerApi first with mode write;apps/web/app/api/v1/platform/leads/bulk/route.test.ts::denies anonymous without side effects;apps/web/app/api/v1/platform/leads/bulk/route.test.ts::denies tenant_owner without side effects;apps/web/app/api/v1/platform/leads/bulk/route.test.ts::denies tenant_admin without side effects;apps/web/app/api/v1/platform/leads/bulk/route.test.ts::denies tenant_member without side effects;apps/web/app/api/v1/platform/leads/bulk/route.test.ts::denies stakeholder without side effects;apps/web/app/api/v1/platform/leads/bulk/route.test.ts::denies service_role without side effects;apps/web/app/api/v1/platform/leads/bulk/route.test.ts::denies anonymous without side effects;apps/web/app/api/v1/platform/leads/bulk/route.test.ts::allows OWNER_OPERATOR success branch;apps/web/app/api/v1/platform/leads/bulk/route.test.ts::OWNER_READONLY denied path leaves business deps uncalled when guard denies;apps/web/lib/platform-owner/require-platform-owner-api.test.ts::write mode denies OWNER_READONLY before side effects;n/a — guard_mode is write, not critical;apps/web/lib/platform-owner/phase2b4-platform-inventory.test.ts::matches expected method and guard-mode counts with UNKNOWN=0"
/api/v1/platform/overview,GET,read,apps/web/middleware.platform-negative.test.ts::calls gateOwnerRequest with exact pathname/method for GET /api/v1/platform/overview,apps/web/app/api/v1/platform/overview/route.test.ts::calls requirePlatformOwnerApi first with mode read,apps/web/app/api/v1/platform/overview/route.test.ts::denies anonymous without side effects,apps/web/app/api/v1/platform/overview/route.test.ts::denies tenant_owner without side effects,apps/web/app/api/v1/platform/overview/route.test.ts::denies tenant_admin without side effects,apps/web/app/api/v1/platform/overview/route.test.ts::denies tenant_member without side effects,apps/web/app/api/v1/platform/overview/route.test.ts::denies stakeholder without side effects,apps/web/app/api/v1/platform/overview/route.test.ts::denies service_role without side effects,apps/web/app/api/v1/platform/overview/route.test.ts::denies anonymous without side effects,apps/web/app/api/v1/platform/overview/route.test.ts::allows OWNER_READONLY success branch,"apps/web/lib/platform-owner/require-platform-owner-api.test.ts::read mode allows OWNER_READONLY, OWNER_OPERATOR, OWNER;n/a — GET/read method uses standard read capability (not the safe-audit POST exception)","n/a — guard_mode is read, not critical",PROVEN,"apps/web/middleware.platform-negative.test.ts::calls gateOwnerRequest with exact pathname/method for GET /api/v1/platform/overview;apps/web/app/api/v1/platform/overview/route.test.ts::calls requirePlatformOwnerApi first with mode read;apps/web/app/api/v1/platform/overview/route.test.ts::denies anonymous without side effects;apps/web/app/api/v1/platform/overview/route.test.ts::denies tenant_owner without side effects;apps/web/app/api/v1/platform/overview/route.test.ts::denies tenant_admin without side effects;apps/web/app/api/v1/platform/overview/route.test.ts::denies tenant_member without side effects;apps/web/app/api/v1/platform/overview/route.test.ts::denies stakeholder without side effects;apps/web/app/api/v1/platform/overview/route.test.ts::denies service_role without side effects;apps/web/app/api/v1/platform/overview/route.test.ts::denies anonymous without side effects;apps/web/app/api/v1/platform/overview/route.test.ts::allows OWNER_READONLY success branch;apps/web/lib/platform-owner/require-platform-owner-api.test.ts::read mode allows OWNER_READONLY, OWNER_OPERATOR, OWNER;n/a — GET/read method uses standard read capability (not the safe-audit POST exception);n/a — guard_mode is read, not critical;apps/web/lib/platform-owner/phase2b4-platform-inventory.test.ts::matches expected method and guard-mode counts with UNKNOWN=0"
/api/v1/platform/support/tickets,GET,read,apps/web/middleware.platform-negative.test.ts::calls gateOwnerRequest with exact pathname/method for GET /api/v1/platform/support/tickets,apps/web/app/api/v1/platform/support/tickets/route.test.ts::calls requirePlatformOwnerApi first with mode read,apps/web/app/api/v1/platform/support/tickets/route.test.ts::denies anonymous without side effects,apps/web/app/api/v1/platform/support/tickets/route.test.ts::denies tenant_owner without side effects,apps/web/app/api/v1/platform/support/tickets/route.test.ts::denies tenant_admin without side effects,apps/web/app/api/v1/platform/support/tickets/route.test.ts::denies tenant_member without side effects,apps/web/app/api/v1/platform/support/tickets/route.test.ts::denies stakeholder without side effects,apps/web/app/api/v1/platform/support/tickets/route.test.ts::denies service_role without side effects,apps/web/app/api/v1/platform/support/tickets/route.test.ts::denies anonymous without side effects,apps/web/app/api/v1/platform/support/tickets/route.test.ts::allows OWNER_READONLY success branch,"apps/web/lib/platform-owner/require-platform-owner-api.test.ts::read mode allows OWNER_READONLY, OWNER_OPERATOR, OWNER;n/a — GET/read method uses standard read capability (not the safe-audit POST exception)","n/a — guard_mode is read, not critical",PROVEN,"apps/web/middleware.platform-negative.test.ts::calls gateOwnerRequest with exact pathname/method for GET /api/v1/platform/support/tickets;apps/web/app/api/v1/platform/support/tickets/route.test.ts::calls requirePlatformOwnerApi first with mode read;apps/web/app/api/v1/platform/support/tickets/route.test.ts::denies anonymous without side effects;apps/web/app/api/v1/platform/support/tickets/route.test.ts::denies tenant_owner without side effects;apps/web/app/api/v1/platform/support/tickets/route.test.ts::denies tenant_admin without side effects;apps/web/app/api/v1/platform/support/tickets/route.test.ts::denies tenant_member without side effects;apps/web/app/api/v1/platform/support/tickets/route.test.ts::denies stakeholder without side effects;apps/web/app/api/v1/platform/support/tickets/route.test.ts::denies service_role without side effects;apps/web/app/api/v1/platform/support/tickets/route.test.ts::denies anonymous without side effects;apps/web/app/api/v1/platform/support/tickets/route.test.ts::allows OWNER_READONLY success branch;apps/web/lib/platform-owner/require-platform-owner-api.test.ts::read mode allows OWNER_READONLY, OWNER_OPERATOR, OWNER;n/a — GET/read method uses standard read capability (not the safe-audit POST exception);n/a — guard_mode is read, not critical;apps/web/lib/platform-owner/phase2b4-platform-inventory.test.ts::matches expected method and guard-mode counts with UNKNOWN=0"
/api/v1/platform/support/tickets,PATCH,write,apps/web/middleware.platform-negative.test.ts::calls gateOwnerRequest with exact pathname/method for PATCH /api/v1/platform/support/tickets,apps/web/app/api/v1/platform/support/tickets/route.test.ts::calls requirePlatformOwnerApi first with mode write,apps/web/app/api/v1/platform/support/tickets/route.test.ts::denies anonymous without side effects,apps/web/app/api/v1/platform/support/tickets/route.test.ts::denies tenant_owner without side effects,apps/web/app/api/v1/platform/support/tickets/route.test.ts::denies tenant_admin without side effects,apps/web/app/api/v1/platform/support/tickets/route.test.ts::denies tenant_member without side effects,apps/web/app/api/v1/platform/support/tickets/route.test.ts::denies stakeholder without side effects,apps/web/app/api/v1/platform/support/tickets/route.test.ts::denies service_role without side effects,apps/web/app/api/v1/platform/support/tickets/route.test.ts::denies anonymous without side effects,apps/web/app/api/v1/platform/support/tickets/route.test.ts::allows OWNER_OPERATOR success branch,apps/web/app/api/v1/platform/support/tickets/route.test.ts::OWNER_READONLY denied path leaves business deps uncalled when guard denies;apps/web/lib/platform-owner/require-platform-owner-api.test.ts::write mode denies OWNER_READONLY before side effects,"n/a — guard_mode is write, not critical",PROVEN,"apps/web/middleware.platform-negative.test.ts::calls gateOwnerRequest with exact pathname/method for PATCH /api/v1/platform/support/tickets;apps/web/app/api/v1/platform/support/tickets/route.test.ts::calls requirePlatformOwnerApi first with mode write;apps/web/app/api/v1/platform/support/tickets/route.test.ts::denies anonymous without side effects;apps/web/app/api/v1/platform/support/tickets/route.test.ts::denies tenant_owner without side effects;apps/web/app/api/v1/platform/support/tickets/route.test.ts::denies tenant_admin without side effects;apps/web/app/api/v1/platform/support/tickets/route.test.ts::denies tenant_member without side effects;apps/web/app/api/v1/platform/support/tickets/route.test.ts::denies stakeholder without side effects;apps/web/app/api/v1/platform/support/tickets/route.test.ts::denies service_role without side effects;apps/web/app/api/v1/platform/support/tickets/route.test.ts::denies anonymous without side effects;apps/web/app/api/v1/platform/support/tickets/route.test.ts::allows OWNER_OPERATOR success branch;apps/web/app/api/v1/platform/support/tickets/route.test.ts::OWNER_READONLY denied path leaves business deps uncalled when guard denies;apps/web/lib/platform-owner/require-platform-owner-api.test.ts::write mode denies OWNER_READONLY before side effects;n/a — guard_mode is write, not critical;apps/web/lib/platform-owner/phase2b4-platform-inventory.test.ts::matches expected method and guard-mode counts with UNKNOWN=0"
/api/v1/platform/support/tickets/:ticketId/messages,GET,read,apps/web/middleware.platform-negative.test.ts::calls gateOwnerRequest with exact pathname/method for GET /api/v1/platform/support/tickets/ticket-1/messages,apps/web/app/api/v1/platform/support/tickets/[ticketId]/messages/route.test.ts::calls requirePlatformOwnerApi first with mode read,apps/web/app/api/v1/platform/support/tickets/[ticketId]/messages/route.test.ts::denies anonymous without side effects,apps/web/app/api/v1/platform/support/tickets/[ticketId]/messages/route.test.ts::denies tenant_owner without side effects,apps/web/app/api/v1/platform/support/tickets/[ticketId]/messages/route.test.ts::denies tenant_admin without side effects,apps/web/app/api/v1/platform/support/tickets/[ticketId]/messages/route.test.ts::denies tenant_member without side effects,apps/web/app/api/v1/platform/support/tickets/[ticketId]/messages/route.test.ts::denies stakeholder without side effects,apps/web/app/api/v1/platform/support/tickets/[ticketId]/messages/route.test.ts::denies service_role without side effects,apps/web/app/api/v1/platform/support/tickets/[ticketId]/messages/route.test.ts::denies anonymous without side effects,apps/web/app/api/v1/platform/support/tickets/[ticketId]/messages/route.test.ts::allows OWNER_READONLY success branch,"apps/web/lib/platform-owner/require-platform-owner-api.test.ts::read mode allows OWNER_READONLY, OWNER_OPERATOR, OWNER;n/a — GET/read method uses standard read capability (not the safe-audit POST exception)","n/a — guard_mode is read, not critical",PROVEN,"apps/web/middleware.platform-negative.test.ts::calls gateOwnerRequest with exact pathname/method for GET /api/v1/platform/support/tickets/ticket-1/messages;apps/web/app/api/v1/platform/support/tickets/[ticketId]/messages/route.test.ts::calls requirePlatformOwnerApi first with mode read;apps/web/app/api/v1/platform/support/tickets/[ticketId]/messages/route.test.ts::denies anonymous without side effects;apps/web/app/api/v1/platform/support/tickets/[ticketId]/messages/route.test.ts::denies tenant_owner without side effects;apps/web/app/api/v1/platform/support/tickets/[ticketId]/messages/route.test.ts::denies tenant_admin without side effects;apps/web/app/api/v1/platform/support/tickets/[ticketId]/messages/route.test.ts::denies tenant_member without side effects;apps/web/app/api/v1/platform/support/tickets/[ticketId]/messages/route.test.ts::denies stakeholder without side effects;apps/web/app/api/v1/platform/support/tickets/[ticketId]/messages/route.test.ts::denies service_role without side effects;apps/web/app/api/v1/platform/support/tickets/[ticketId]/messages/route.test.ts::denies anonymous without side effects;apps/web/app/api/v1/platform/support/tickets/[ticketId]/messages/route.test.ts::allows OWNER_READONLY success branch;apps/web/lib/platform-owner/require-platform-owner-api.test.ts::read mode allows OWNER_READONLY, OWNER_OPERATOR, OWNER;n/a — GET/read method uses standard read capability (not the safe-audit POST exception);n/a — guard_mode is read, not critical;apps/web/lib/platform-owner/phase2b4-platform-inventory.test.ts::matches expected method and guard-mode counts with UNKNOWN=0"
/api/v1/platform/support/tickets/:ticketId/messages,POST,write,apps/web/middleware.platform-negative.test.ts::calls gateOwnerRequest with exact pathname/method for POST /api/v1/platform/support/tickets/ticket-1/messages,apps/web/app/api/v1/platform/support/tickets/[ticketId]/messages/route.test.ts::calls requirePlatformOwnerApi first with mode write,apps/web/app/api/v1/platform/support/tickets/[ticketId]/messages/route.test.ts::denies anonymous without side effects,apps/web/app/api/v1/platform/support/tickets/[ticketId]/messages/route.test.ts::denies tenant_owner without side effects,apps/web/app/api/v1/platform/support/tickets/[ticketId]/messages/route.test.ts::denies tenant_admin without side effects,apps/web/app/api/v1/platform/support/tickets/[ticketId]/messages/route.test.ts::denies tenant_member without side effects,apps/web/app/api/v1/platform/support/tickets/[ticketId]/messages/route.test.ts::denies stakeholder without side effects,apps/web/app/api/v1/platform/support/tickets/[ticketId]/messages/route.test.ts::denies service_role without side effects,apps/web/app/api/v1/platform/support/tickets/[ticketId]/messages/route.test.ts::denies anonymous without side effects,apps/web/app/api/v1/platform/support/tickets/[ticketId]/messages/route.test.ts::allows OWNER_OPERATOR success branch,apps/web/app/api/v1/platform/support/tickets/[ticketId]/messages/route.test.ts::OWNER_READONLY denied path leaves business deps uncalled when guard denies;apps/web/lib/platform-owner/require-platform-owner-api.test.ts::write mode denies OWNER_READONLY before side effects,"n/a — guard_mode is write, not critical",PROVEN,"apps/web/middleware.platform-negative.test.ts::calls gateOwnerRequest with exact pathname/method for POST /api/v1/platform/support/tickets/ticket-1/messages;apps/web/app/api/v1/platform/support/tickets/[ticketId]/messages/route.test.ts::calls requirePlatformOwnerApi first with mode write;apps/web/app/api/v1/platform/support/tickets/[ticketId]/messages/route.test.ts::denies anonymous without side effects;apps/web/app/api/v1/platform/support/tickets/[ticketId]/messages/route.test.ts::denies tenant_owner without side effects;apps/web/app/api/v1/platform/support/tickets/[ticketId]/messages/route.test.ts::denies tenant_admin without side effects;apps/web/app/api/v1/platform/support/tickets/[ticketId]/messages/route.test.ts::denies tenant_member without side effects;apps/web/app/api/v1/platform/support/tickets/[ticketId]/messages/route.test.ts::denies stakeholder without side effects;apps/web/app/api/v1/platform/support/tickets/[ticketId]/messages/route.test.ts::denies service_role without side effects;apps/web/app/api/v1/platform/support/tickets/[ticketId]/messages/route.test.ts::denies anonymous without side effects;apps/web/app/api/v1/platform/support/tickets/[ticketId]/messages/route.test.ts::allows OWNER_OPERATOR success branch;apps/web/app/api/v1/platform/support/tickets/[ticketId]/messages/route.test.ts::OWNER_READONLY denied path leaves business deps uncalled when guard denies;apps/web/lib/platform-owner/require-platform-owner-api.test.ts::write mode denies OWNER_READONLY before side effects;n/a — guard_mode is write, not critical;apps/web/lib/platform-owner/phase2b4-platform-inventory.test.ts::matches expected method and guard-mode counts with UNKNOWN=0"
/api/v1/platform/tenants,GET,read,apps/web/middleware.platform-negative.test.ts::calls gateOwnerRequest with exact pathname/method for GET /api/v1/platform/tenants,apps/web/app/api/v1/platform/tenants/route.test.ts::calls requirePlatformOwnerApi first with mode read,apps/web/app/api/v1/platform/tenants/route.test.ts::denies anonymous without side effects,apps/web/app/api/v1/platform/tenants/route.test.ts::denies tenant_owner without side effects,apps/web/app/api/v1/platform/tenants/route.test.ts::denies tenant_admin without side effects,apps/web/app/api/v1/platform/tenants/route.test.ts::denies tenant_member without side effects,apps/web/app/api/v1/platform/tenants/route.test.ts::denies stakeholder without side effects,apps/web/app/api/v1/platform/tenants/route.test.ts::denies service_role without side effects,apps/web/app/api/v1/platform/tenants/route.test.ts::denies anonymous without side effects,apps/web/app/api/v1/platform/tenants/route.test.ts::allows OWNER_READONLY success branch,"apps/web/lib/platform-owner/require-platform-owner-api.test.ts::read mode allows OWNER_READONLY, OWNER_OPERATOR, OWNER;n/a — GET/read method uses standard read capability (not the safe-audit POST exception)","n/a — guard_mode is read, not critical",PROVEN,"apps/web/middleware.platform-negative.test.ts::calls gateOwnerRequest with exact pathname/method for GET /api/v1/platform/tenants;apps/web/app/api/v1/platform/tenants/route.test.ts::calls requirePlatformOwnerApi first with mode read;apps/web/app/api/v1/platform/tenants/route.test.ts::denies anonymous without side effects;apps/web/app/api/v1/platform/tenants/route.test.ts::denies tenant_owner without side effects;apps/web/app/api/v1/platform/tenants/route.test.ts::denies tenant_admin without side effects;apps/web/app/api/v1/platform/tenants/route.test.ts::denies tenant_member without side effects;apps/web/app/api/v1/platform/tenants/route.test.ts::denies stakeholder without side effects;apps/web/app/api/v1/platform/tenants/route.test.ts::denies service_role without side effects;apps/web/app/api/v1/platform/tenants/route.test.ts::denies anonymous without side effects;apps/web/app/api/v1/platform/tenants/route.test.ts::allows OWNER_READONLY success branch;apps/web/lib/platform-owner/require-platform-owner-api.test.ts::read mode allows OWNER_READONLY, OWNER_OPERATOR, OWNER;n/a — GET/read method uses standard read capability (not the safe-audit POST exception);n/a — guard_mode is read, not critical;apps/web/lib/platform-owner/phase2b4-platform-inventory.test.ts::matches expected method and guard-mode counts with UNKNOWN=0"
/api/v1/platform/tenants/:tenantId,GET,read,apps/web/middleware.platform-negative.test.ts::calls gateOwnerRequest with exact pathname/method for GET /api/v1/platform/tenants/tenant-1,apps/web/app/api/v1/platform/tenants/[tenantId]/route.test.ts::calls requirePlatformOwnerApi first with mode read,apps/web/app/api/v1/platform/tenants/[tenantId]/route.test.ts::denies anonymous without side effects,apps/web/app/api/v1/platform/tenants/[tenantId]/route.test.ts::denies tenant_owner without side effects,apps/web/app/api/v1/platform/tenants/[tenantId]/route.test.ts::denies tenant_admin without side effects,apps/web/app/api/v1/platform/tenants/[tenantId]/route.test.ts::denies tenant_member without side effects,apps/web/app/api/v1/platform/tenants/[tenantId]/route.test.ts::denies stakeholder without side effects,apps/web/app/api/v1/platform/tenants/[tenantId]/route.test.ts::denies service_role without side effects,apps/web/app/api/v1/platform/tenants/[tenantId]/route.test.ts::denies anonymous without side effects,apps/web/app/api/v1/platform/tenants/[tenantId]/route.test.ts::allows OWNER_READONLY success branch,"apps/web/lib/platform-owner/require-platform-owner-api.test.ts::read mode allows OWNER_READONLY, OWNER_OPERATOR, OWNER;n/a — GET/read method uses standard read capability (not the safe-audit POST exception)","n/a — guard_mode is read, not critical",PROVEN,"apps/web/middleware.platform-negative.test.ts::calls gateOwnerRequest with exact pathname/method for GET /api/v1/platform/tenants/tenant-1;apps/web/app/api/v1/platform/tenants/[tenantId]/route.test.ts::calls requirePlatformOwnerApi first with mode read;apps/web/app/api/v1/platform/tenants/[tenantId]/route.test.ts::denies anonymous without side effects;apps/web/app/api/v1/platform/tenants/[tenantId]/route.test.ts::denies tenant_owner without side effects;apps/web/app/api/v1/platform/tenants/[tenantId]/route.test.ts::denies tenant_admin without side effects;apps/web/app/api/v1/platform/tenants/[tenantId]/route.test.ts::denies tenant_member without side effects;apps/web/app/api/v1/platform/tenants/[tenantId]/route.test.ts::denies stakeholder without side effects;apps/web/app/api/v1/platform/tenants/[tenantId]/route.test.ts::denies service_role without side effects;apps/web/app/api/v1/platform/tenants/[tenantId]/route.test.ts::denies anonymous without side effects;apps/web/app/api/v1/platform/tenants/[tenantId]/route.test.ts::allows OWNER_READONLY success branch;apps/web/lib/platform-owner/require-platform-owner-api.test.ts::read mode allows OWNER_READONLY, OWNER_OPERATOR, OWNER;n/a — GET/read method uses standard read capability (not the safe-audit POST exception);n/a — guard_mode is read, not critical;apps/web/lib/platform-owner/phase2b4-platform-inventory.test.ts::matches expected method and guard-mode counts with UNKNOWN=0"
/api/v1/platform/testing/quality,GET,read,apps/web/middleware.platform-negative.test.ts::calls gateOwnerRequest with exact pathname/method for GET /api/v1/platform/testing/quality,apps/web/app/api/v1/platform/testing/quality/route.test.ts::calls requirePlatformOwnerApi first with mode read,apps/web/app/api/v1/platform/testing/quality/route.test.ts::denies anonymous without side effects,apps/web/app/api/v1/platform/testing/quality/route.test.ts::denies tenant_owner without side effects,apps/web/app/api/v1/platform/testing/quality/route.test.ts::denies tenant_admin without side effects,apps/web/app/api/v1/platform/testing/quality/route.test.ts::denies tenant_member without side effects,apps/web/app/api/v1/platform/testing/quality/route.test.ts::denies stakeholder without side effects,apps/web/app/api/v1/platform/testing/quality/route.test.ts::denies service_role without side effects,apps/web/app/api/v1/platform/testing/quality/route.test.ts::denies anonymous without side effects,apps/web/app/api/v1/platform/testing/quality/route.test.ts::allows OWNER_READONLY success branch,"apps/web/lib/platform-owner/require-platform-owner-api.test.ts::read mode allows OWNER_READONLY, OWNER_OPERATOR, OWNER;n/a — GET/read method uses standard read capability (not the safe-audit POST exception)","n/a — guard_mode is read, not critical",PROVEN,"apps/web/middleware.platform-negative.test.ts::calls gateOwnerRequest with exact pathname/method for GET /api/v1/platform/testing/quality;apps/web/app/api/v1/platform/testing/quality/route.test.ts::calls requirePlatformOwnerApi first with mode read;apps/web/app/api/v1/platform/testing/quality/route.test.ts::denies anonymous without side effects;apps/web/app/api/v1/platform/testing/quality/route.test.ts::denies tenant_owner without side effects;apps/web/app/api/v1/platform/testing/quality/route.test.ts::denies tenant_admin without side effects;apps/web/app/api/v1/platform/testing/quality/route.test.ts::denies tenant_member without side effects;apps/web/app/api/v1/platform/testing/quality/route.test.ts::denies stakeholder without side effects;apps/web/app/api/v1/platform/testing/quality/route.test.ts::denies service_role without side effects;apps/web/app/api/v1/platform/testing/quality/route.test.ts::denies anonymous without side effects;apps/web/app/api/v1/platform/testing/quality/route.test.ts::allows OWNER_READONLY success branch;apps/web/lib/platform-owner/require-platform-owner-api.test.ts::read mode allows OWNER_READONLY, OWNER_OPERATOR, OWNER;n/a — GET/read method uses standard read capability (not the safe-audit POST exception);n/a — guard_mode is read, not critical;apps/web/lib/platform-owner/phase2b4-platform-inventory.test.ts::matches expected method and guard-mode counts with UNKNOWN=0"
/api/v1/platform/testing/safe-audit/refresh,POST,read,apps/web/middleware.platform-negative.test.ts::calls gateOwnerRequest with exact pathname/method for POST /api/v1/platform/testing/safe-audit/refresh,apps/web/app/api/v1/platform/testing/safe-audit/refresh/route.test.ts::calls requirePlatformOwnerApi first with mode read,apps/web/app/api/v1/platform/testing/safe-audit/refresh/route.test.ts::denies anonymous without side effects,apps/web/app/api/v1/platform/testing/safe-audit/refresh/route.test.ts::denies tenant_owner without side effects,apps/web/app/api/v1/platform/testing/safe-audit/refresh/route.test.ts::denies tenant_admin without side effects,apps/web/app/api/v1/platform/testing/safe-audit/refresh/route.test.ts::denies tenant_member without side effects,apps/web/app/api/v1/platform/testing/safe-audit/refresh/route.test.ts::denies stakeholder without side effects,apps/web/app/api/v1/platform/testing/safe-audit/refresh/route.test.ts::denies service_role without side effects,apps/web/app/api/v1/platform/testing/safe-audit/refresh/route.test.ts::denies anonymous without side effects,apps/web/app/api/v1/platform/testing/safe-audit/refresh/route.test.ts::allows OWNER_READONLY success branch,apps/web/lib/platform-owner/owner-capabilities.test.ts::safe-audit refresh: exact POST path allowed for OWNER_READONLY only;apps/web/lib/platform-owner/require-platform-owner-api.test.ts::OWNER_READONLY may POST exact refresh path under mode:read;apps/web/lib/platform-owner/middleware-owner-gate.readonly-post.test.ts::allows OWNER_READONLY POST only on exact safe-audit refresh path;apps/web/lib/platform-owner/middleware-owner-gate.readonly-post.test.ts::blocks OWNER_READONLY POST on safe-audit save and other mutations;apps/web/app/api/v1/platform/testing/safe-audit/refresh/route.test.ts::OWNER_READONLY reaches refresh builder (no persistence/CI),"n/a — guard_mode is read, not critical",PROVEN,"apps/web/middleware.platform-negative.test.ts::calls gateOwnerRequest with exact pathname/method for POST /api/v1/platform/testing/safe-audit/refresh;apps/web/app/api/v1/platform/testing/safe-audit/refresh/route.test.ts::calls requirePlatformOwnerApi first with mode read;apps/web/app/api/v1/platform/testing/safe-audit/refresh/route.test.ts::denies anonymous without side effects;apps/web/app/api/v1/platform/testing/safe-audit/refresh/route.test.ts::denies tenant_owner without side effects;apps/web/app/api/v1/platform/testing/safe-audit/refresh/route.test.ts::denies tenant_admin without side effects;apps/web/app/api/v1/platform/testing/safe-audit/refresh/route.test.ts::denies tenant_member without side effects;apps/web/app/api/v1/platform/testing/safe-audit/refresh/route.test.ts::denies stakeholder without side effects;apps/web/app/api/v1/platform/testing/safe-audit/refresh/route.test.ts::denies service_role without side effects;apps/web/app/api/v1/platform/testing/safe-audit/refresh/route.test.ts::denies anonymous without side effects;apps/web/app/api/v1/platform/testing/safe-audit/refresh/route.test.ts::allows OWNER_READONLY success branch;apps/web/lib/platform-owner/owner-capabilities.test.ts::safe-audit refresh: exact POST path allowed for OWNER_READONLY only;apps/web/lib/platform-owner/require-platform-owner-api.test.ts::OWNER_READONLY may POST exact refresh path under mode:read;apps/web/app/api/v1/platform/testing/safe-audit/refresh/route.test.ts::OWNER_READONLY reaches refresh builder (no persistence/CI);n/a — guard_mode is read, not critical;apps/web/lib/platform-owner/phase2b4-platform-inventory.test.ts::matches expected method and guard-mode counts with UNKNOWN=0"
/api/v1/platform/testing/safe-audit/runs,GET,read,apps/web/middleware.platform-negative.test.ts::calls gateOwnerRequest with exact pathname/method for GET /api/v1/platform/testing/safe-audit/runs,apps/web/app/api/v1/platform/testing/safe-audit/runs/route.test.ts::calls requirePlatformOwnerApi first with mode read,apps/web/app/api/v1/platform/testing/safe-audit/runs/route.test.ts::denies anonymous without side effects,apps/web/app/api/v1/platform/testing/safe-audit/runs/route.test.ts::denies tenant_owner without side effects,apps/web/app/api/v1/platform/testing/safe-audit/runs/route.test.ts::denies tenant_admin without side effects,apps/web/app/api/v1/platform/testing/safe-audit/runs/route.test.ts::denies tenant_member without side effects,apps/web/app/api/v1/platform/testing/safe-audit/runs/route.test.ts::denies stakeholder without side effects,apps/web/app/api/v1/platform/testing/safe-audit/runs/route.test.ts::denies service_role without side effects,apps/web/app/api/v1/platform/testing/safe-audit/runs/route.test.ts::denies anonymous without side effects,apps/web/app/api/v1/platform/testing/safe-audit/runs/route.test.ts::allows OWNER_READONLY success branch,"apps/web/lib/platform-owner/require-platform-owner-api.test.ts::read mode allows OWNER_READONLY, OWNER_OPERATOR, OWNER;n/a — GET/read method uses standard read capability (not the safe-audit POST exception)","n/a — guard_mode is read, not critical",PROVEN,"apps/web/middleware.platform-negative.test.ts::calls gateOwnerRequest with exact pathname/method for GET /api/v1/platform/testing/safe-audit/runs;apps/web/app/api/v1/platform/testing/safe-audit/runs/route.test.ts::calls requirePlatformOwnerApi first with mode read;apps/web/app/api/v1/platform/testing/safe-audit/runs/route.test.ts::denies anonymous without side effects;apps/web/app/api/v1/platform/testing/safe-audit/runs/route.test.ts::denies tenant_owner without side effects;apps/web/app/api/v1/platform/testing/safe-audit/runs/route.test.ts::denies tenant_admin without side effects;apps/web/app/api/v1/platform/testing/safe-audit/runs/route.test.ts::denies tenant_member without side effects;apps/web/app/api/v1/platform/testing/safe-audit/runs/route.test.ts::denies stakeholder without side effects;apps/web/app/api/v1/platform/testing/safe-audit/runs/route.test.ts::denies service_role without side effects;apps/web/app/api/v1/platform/testing/safe-audit/runs/route.test.ts::denies anonymous without side effects;apps/web/app/api/v1/platform/testing/safe-audit/runs/route.test.ts::allows OWNER_READONLY success branch;apps/web/lib/platform-owner/require-platform-owner-api.test.ts::read mode allows OWNER_READONLY, OWNER_OPERATOR, OWNER;n/a — GET/read method uses standard read capability (not the safe-audit POST exception);n/a — guard_mode is read, not critical;apps/web/lib/platform-owner/phase2b4-platform-inventory.test.ts::matches expected method and guard-mode counts with UNKNOWN=0"
/api/v1/platform/testing/safe-audit/save,POST,write,apps/web/middleware.platform-negative.test.ts::calls gateOwnerRequest with exact pathname/method for POST /api/v1/platform/testing/safe-audit/save,apps/web/app/api/v1/platform/testing/safe-audit/save/route.test.ts::calls requirePlatformOwnerApi first with mode write,apps/web/app/api/v1/platform/testing/safe-audit/save/route.test.ts::denies anonymous without side effects,apps/web/app/api/v1/platform/testing/safe-audit/save/route.test.ts::denies tenant_owner without side effects,apps/web/app/api/v1/platform/testing/safe-audit/save/route.test.ts::denies tenant_admin without side effects,apps/web/app/api/v1/platform/testing/safe-audit/save/route.test.ts::denies tenant_member without side effects,apps/web/app/api/v1/platform/testing/safe-audit/save/route.test.ts::denies stakeholder without side effects,apps/web/app/api/v1/platform/testing/safe-audit/save/route.test.ts::denies service_role without side effects,apps/web/app/api/v1/platform/testing/safe-audit/save/route.test.ts::denies anonymous without side effects,apps/web/app/api/v1/platform/testing/safe-audit/save/route.test.ts::allows OWNER_OPERATOR success branch,apps/web/app/api/v1/platform/testing/safe-audit/save/route.test.ts::OWNER_READONLY denied path leaves business deps uncalled when guard denies;apps/web/lib/platform-owner/require-platform-owner-api.test.ts::write mode denies OWNER_READONLY before side effects,"n/a — guard_mode is write, not critical",PROVEN,"apps/web/middleware.platform-negative.test.ts::calls gateOwnerRequest with exact pathname/method for POST /api/v1/platform/testing/safe-audit/save;apps/web/app/api/v1/platform/testing/safe-audit/save/route.test.ts::calls requirePlatformOwnerApi first with mode write;apps/web/app/api/v1/platform/testing/safe-audit/save/route.test.ts::denies anonymous without side effects;apps/web/app/api/v1/platform/testing/safe-audit/save/route.test.ts::denies tenant_owner without side effects;apps/web/app/api/v1/platform/testing/safe-audit/save/route.test.ts::denies tenant_admin without side effects;apps/web/app/api/v1/platform/testing/safe-audit/save/route.test.ts::denies tenant_member without side effects;apps/web/app/api/v1/platform/testing/safe-audit/save/route.test.ts::denies stakeholder without side effects;apps/web/app/api/v1/platform/testing/safe-audit/save/route.test.ts::denies service_role without side effects;apps/web/app/api/v1/platform/testing/safe-audit/save/route.test.ts::denies anonymous without side effects;apps/web/app/api/v1/platform/testing/safe-audit/save/route.test.ts::allows OWNER_OPERATOR success branch;apps/web/app/api/v1/platform/testing/safe-audit/save/route.test.ts::OWNER_READONLY denied path leaves business deps uncalled when guard denies;apps/web/lib/platform-owner/require-platform-owner-api.test.ts::write mode denies OWNER_READONLY before side effects;n/a — guard_mode is write, not critical;apps/web/lib/platform-owner/phase2b4-platform-inventory.test.ts::matches expected method and guard-mode counts with UNKNOWN=0"
/api/v1/platform/users,GET,read,apps/web/middleware.platform-negative.test.ts::calls gateOwnerRequest with exact pathname/method for GET /api/v1/platform/users,apps/web/app/api/v1/platform/users/route.test.ts::calls requirePlatformOwnerApi first with mode read,apps/web/app/api/v1/platform/users/route.test.ts::denies anonymous without side effects,apps/web/app/api/v1/platform/users/route.test.ts::denies tenant_owner without side effects,apps/web/app/api/v1/platform/users/route.test.ts::denies tenant_admin without side effects,apps/web/app/api/v1/platform/users/route.test.ts::denies tenant_member without side effects,apps/web/app/api/v1/platform/users/route.test.ts::denies stakeholder without side effects,apps/web/app/api/v1/platform/users/route.test.ts::denies service_role without side effects,apps/web/app/api/v1/platform/users/route.test.ts::denies anonymous without side effects,apps/web/app/api/v1/platform/users/route.test.ts::allows OWNER_READONLY success branch,"apps/web/lib/platform-owner/require-platform-owner-api.test.ts::read mode allows OWNER_READONLY, OWNER_OPERATOR, OWNER;n/a — GET/read method uses standard read capability (not the safe-audit POST exception)","n/a — guard_mode is read, not critical",PROVEN,"apps/web/middleware.platform-negative.test.ts::calls gateOwnerRequest with exact pathname/method for GET /api/v1/platform/users;apps/web/app/api/v1/platform/users/route.test.ts::calls requirePlatformOwnerApi first with mode read;apps/web/app/api/v1/platform/users/route.test.ts::denies anonymous without side effects;apps/web/app/api/v1/platform/users/route.test.ts::denies tenant_owner without side effects;apps/web/app/api/v1/platform/users/route.test.ts::denies tenant_admin without side effects;apps/web/app/api/v1/platform/users/route.test.ts::denies tenant_member without side effects;apps/web/app/api/v1/platform/users/route.test.ts::denies stakeholder without side effects;apps/web/app/api/v1/platform/users/route.test.ts::denies service_role without side effects;apps/web/app/api/v1/platform/users/route.test.ts::denies anonymous without side effects;apps/web/app/api/v1/platform/users/route.test.ts::allows OWNER_READONLY success branch;apps/web/lib/platform-owner/require-platform-owner-api.test.ts::read mode allows OWNER_READONLY, OWNER_OPERATOR, OWNER;n/a — GET/read method uses standard read capability (not the safe-audit POST exception);n/a — guard_mode is read, not critical;apps/web/lib/platform-owner/phase2b4-platform-inventory.test.ts::matches expected method and guard-mode counts with UNKNOWN=0"
