ID,DOMAIN,REQUIREMENT,ROADMAP_SOURCE,CURRENT_STATUS,CODE_EVIDENCE,LIVE_EVIDENCE,DEPENDENCIES,PRIORITY,BLOCKER_TYPE,ACCEPTANCE_CRITERIA,TEST,LIVE_TEST,VERDICT
AIS-PILOT-001A,security,Video daily analysis must authorize project_id before AI,AIS-PILOT-001 / PR317,code-on-this-branch; was BROKEN on main 0e3b1ede,apps/web/app/api/v1/ai/analyze-video-daily/route.ts,prod 0e3b1ed still unpatched until merge,none,P0,none,401/403/404 without calling Gemini; authorized scoped request uses normalized project id,apps/web/app/api/v1/ai/analyze-video-daily/route.test.ts,staging POST foreign project_id must 403,PARTIAL
AIS-PILOT-001B,security,Revoked stakeholder cannot PostgREST self-reactivate,AIS-OWNER-001 / PR351,migration added this branch; not on remote until apply,apps/web/supabase/migrations/20260923110000_block_stakeholder_self_reactivation.sql,NOT APPLIED,remote migration apply,P0,none,revoked/expired PATCH rejected; invited->active with matching email still works,lib/tenant/membership-privilege-escalation.rls.test.ts,staging PostgREST negative,PARTIAL
AIS-PILOT-001C,security,field_daily_logs confirmed rows not writable via PostgREST,AIS-EVID-002 / PR347,migration added this branch,20260920110000_harden_field_daily_logs_rls.sql,NOT APPLIED,remote migration apply,P0,none,stakeholders cannot SELECT/UPDATE/DELETE confirmed contractor logs; writers draft-only,field-daily-log-rls.hardening.test.ts,staging PostgREST negative,PARTIAL
AIS-PILOT-001D,contractor,Submitted reports remain in manager approval queue,contractor ops / PR348,code-on-this-branch,pending-approvals.service.ts,prod still dropping until merge,none,P1,none,submitted reports listed; rejected/approved excluded per contract,pending-approvals.service.test.ts,staging approvals UI,PARTIAL
AIS-PILOT-001E,contractor,Submitted reports remain in project summary,contractor ops / PR352,code-on-this-branch,project-summary.repository.ts,prod still hiding until merge,none,P1,none,submitted reports counted/listed in project summary,project-summary.repository.test.ts,staging project page,PARTIAL
WEB-AUTH-001,auth,Web email/Apple/Google login logout recovery,mega roadmap auth,implemented on main,apps/web auth routes + identity linking,health ok; E2E not re-run,none,P1,none,all methods work; last method protected; no ghost identities,auth route tests,staging login,PARTIAL
IOS-MGR-001,ios,Manager production app: auth projects tasks reports,mobile + AIS-OWNER-002 sibling,source present,ios/AiStroykaManager + Shared AuthPKCE,device smoke not this session,API compatibility,P1,OWNER_GATE for store,no demo data in production; Apple+Google PKCE,ios UITest smoke,simulator then device,PARTIAL
IOS-WKR-001,ios,Worker production field loop,mobile,source present,ios/AiStroykaWorker,device smoke not this session,uploads/idempotency,P1,OWNER_GATE for store,photo/video report submit reject resubmit,ios UITest smoke,simulator then device,PARTIAL
IOS-CUST-001,ios,Customer iOS application,AIS-OWNER-002 PR350,no Xcode target,none,none,AIS-OWNER-001 contracts,P1,none,ADR then Shared-based app: intake status evidence approvals,unit+UITest,device smoke later,MISSING
AND-MGR-001,android,Manager supported pilot flows,mega + mission,Compose app thinner than iOS,android/AiStroykaManager,not live-verified,iOS-primary policy,P2,DEFERRED_BY_DECISION for first pilot,critical API flows without copying iOS UI,Gradle unit,emulator,PARTIAL
AND-WKR-001,android,Worker supported field flows,mega + mission,Compose + FCM placeholder,android/AiStroykaWorker,FCM not live-proven,iOS-primary policy,P2,DEFERRED_BY_DECISION for first pilot,task photo submit retry,instrumented launch,emulator,PARTIAL
PORTAL-001,portal,Stakeholder sees only authorized project data,AIS-OWNER-001,code exists; STATUS not READY,apps/web/app/[locale]/(dashboard)/portal,prod portal not certified,AIS-PILOT-001B,P0,none,invite access revoke media URLs finance isolation,portal tests,staging persona E2E,PARTIAL
CUST-INTAKE-005A,customer,Async text/voice/video/image intake to draft scope,AIS-CLIENT-005A,not present,none,none,OWNER-001 EVID-002,P1,none,owner-bound workspace; human confirm; no auto contracts,API+E2E,staging intake,MISSING
VISION-003,ai,Async video/drawing jobs with retry cancel uncertainty,AIS-VISION-003,daily video exists; not job lifecycle,analyze-video-daily + media routes,provider configured unverified live,AIS-PILOT-001A,P1,none,jobs status retry; no fake complete; unknown stays unknown,route tests + live smoke,ai_live_provider.sh,PARTIAL
GRAPH-004,graph,Construction Graph nodes/relations with provenance,AIS-GRAPH-004,ROMA kernel only,packages/roma-kernel/src/graph,none,EVID-002 VISION-003,P1,none,stable IDs provenance tenant scope; inference not fact,schema tests,staging graph read,MISSING
LIVE-005B,ai,Live multimodal intake feature-flagged,AIS-CLIENT-005B,not present,none,none,GRAPH-004 OWNER-002,P2,none,flag off default; consent; ephemeral session; degrade on provider fail,contract tests,flagged staging only,MISSING
MATCH-006,matching,Explainable contractor matching,AIS-MATCH-006,directory only,contractors/directory,none,GRAPH-004 confirmed scope,P2,none,no invented ratings; human select; consent,API tests,staging matches,MISSING
MAT-008,materials,Supply agent read/draft after graph,AIS-MATERIAL-008,not present,none,none,GRAPH-004,P3,none,draft proposals with provenance; no autobuy,fixtures,none until later,MISSING
BUDGET-001,finance,Operational planned/committed/actual with isolation,mega finance,costs APIs exist,projects/[id]/costs,not re-proven,customer-finance-guard,P1,none,internal costs never on customer surfaces,customer-finance tests,portal export negative,PARTIAL
DOCS-001,documents,Tenant/project scoped documents approvals,mega docs,routes exist,projects/[id]/documents,not re-proven,storage policies,P1,none,no guessable public URLs,document tests,signed URL expiry,PARTIAL
NOTIF-001,notifications,created listed read opened navigate,growth + PR369,opened LIVE on 0e3b1ed,notifications/[id]/opened,prod sha MATCH,none,P2,none,open != read; no PII in events,product-events.test.ts,prod inbox open,PARTIAL
TELEM-001,telemetry,product events without PII; rates null until cohort,growth plan,login + opened + some core,lib/growth/product-events.ts,GROWTH_BASELINE waiting,none,P2,none,rate=null without cohort; telemetry fail-open,product-events.test.ts,no fabricated rates,PARTIAL
BILL-001,billing,Account-scoped SaaS billing no fake active,architecture billing,dual-write present; cutover gated,account_subscriptions resolver,not flipped,ENTITLEMENT_RESOLUTION_SOURCE gates,P1,OWNER_GATE for cutover,no silent mixed tenant/account reads,parity script,staging stripe sandbox,PARTIAL
AI-LIVE-001,ai,Canonical live provider smoke,AI architecture,configured,scripts/smoke/ai_live_provider.sh,NOT TESTED this session,secrets,P1,none,exit 0 --require-live without fallback header,ai_live_provider.sh --require-live,staging+prod policy,PARTIAL
ROMA-VER-009,roma,Assurance graph requirement->evidence->verdict,PR350 ROMA,kernel types only,packages/roma-kernel,Operations Center read-only,ADR-0007,P0,none,missing evidence != PASS; advisory first,schema fixtures,advisory report,MISSING
LEGAL-001,legal,Counsel Privacy/Terms,legal,draft pages,public privacy/terms,WAITING_EXTERNAL,counsel,P3,BLOCKED_EXTERNAL,do not fake lawyer-approved text,i18n pages render,none,BLOCKED_EXTERNAL
STORE-IOS-001,distribution,TestFlight/App Store upload,mobile store,source/archive path,ios/ExportOptions-AppStore.plist,OWNER_GATE,Apple creds,P2,OWNER_GATE,upload only with APPROVE_TESTFLIGHT_UPLOAD=YES,archive validation,ASC,OWNER_GATE
STORE-AND-001,distribution,Play upload,mobile store,AAB path,android signing docs,OWNER_GATE,Play creds,P2,OWNER_GATE,upload only with APPROVE_GOOGLE_PLAY_UPLOAD=YES,signed bundle,Play,OWNER_GATE
CICD-001,cicd,PR check -> staging -> prod SHA,ops,chain exists,deploy-cloudflare-*.yml,prod/staging MATCH 0e3b1ed,non-author review,P0,none,no prod claim without sha7,ci-check.yml,health sha7,PARTIAL
A11Y-001,a11y,keyboard focus dialogs contrast,design,not recertified,cabinet components,not this session,canon CSS,P2,none,no major defect at closure,a11y tests,browser,PARTIAL
I18N-001,i18n,EN RU ES IT production strings,i18n,bundles exist,apps/web/messages,not I18N_CHECK_ALL this session,none,P2,none,no EN tooltips in RU/ES/IT,bun run i18n:check,locale screenshots,PARTIAL
AGENT-001,agentic,READ ANALYZE PROPOSE approval execute audit,agentic foundation,unmerged PRs 315+,open PRs,must stay fail-closed,governance ADR,P1,none,no autonomous writes; tenant from server,governance tests,none until ADR,PARTIAL
DESIGN-001,design,Cabinet canon parity Memory OS 01-10,D0 plan,partial on various branches,apps/web/components/canon on dirty trees; verify main,not recertified,D0 lock,P2,none,desktop+mobile together; no demo chrome,visual audit,browser,PARTIAL
