requirement_id,pr,title,state,head_sha,branch,base_branch,local_worktree,observed_date,url
PR-386,386,fix(ai): require tenant auth for unscoped video daily analysis,DELIVERY_QUEUE,f0b08e43a3c2764b64a38312b9f711f1cd6c013b,fix/ai-video-unscoped-authz-2026-10-05,main,/Users/alex/Projects/AISTROYKA-video-unscoped-authz,2026-10-05,https://github.com/2qjckdknjf-ctrl/Aistroyka-web/pull/386
PR-385,385,fix(ai): atomic vision request_key on create_analysis_job,MERGED,0f6623f15105d0e810f95d3d8ee819106c7c9f2a,feature/vision-request-key-atomic-2026-10-04,main,/Users/alex/Projects/AISTROYKA-vision-request-key,2026-10-05,https://github.com/2qjckdknjf-ctrl/Aistroyka-web/pull/385
PR-382,382,"feat(ios): customer portal estimates, requests, refresh banner",MERGED_PUBLISHED,ee162ea40e35caa6e9465b4c3744c6eef46ad4fa,feature/customer-ios-portal-detail-2026-10-04,main,/Users/alex/Projects/AISTROYKA-customer-ios-detail,2026-10-05,https://github.com/2qjckdknjf-ctrl/Aistroyka-web/pull/382
PR-370,370,docs: login and inbox-open audit contracts,RECONCILE_BACKLOG,dd9df2eb7c392bcabd5ae897185370e1a68a2ea5,cursor/engineering-documentation-updates-f6f7,main,,2026-10-04,https://github.com/2qjckdknjf-ctrl/Aistroyka-web/pull/370
PR-352,352,fix(projects): stop hiding submitted reports from project summary,RECONCILE_BACKLOG,abf69cc2a936d197900e1abac17364f6783e4c1f,cursor/critical-bug-investigation-4b3a,main,,2026-10-04,https://github.com/2qjckdknjf-ctrl/Aistroyka-web/pull/352
PR-351,351,fix(security): block stakeholder self-reactivation via PostgREST,RECONCILE_BACKLOG,02da5a42e7e828c99c38352de5914728d828d241,cursor/critical-bug-investigation-366e,main,,2026-10-04,https://github.com/2qjckdknjf-ctrl/Aistroyka-web/pull/351
PR-350,350,"docs: Customer app, live intake and ROMA assurance development plan",RECONCILE_BACKLOG,b7db42084d330473b6ff1a67ca40b8909673a5c1,docs/roadmap-consolidation-2026-09-23,main,,2026-10-04,https://github.com/2qjckdknjf-ctrl/Aistroyka-web/pull/350
PR-349,349,docs: field daily log and copilot thread API contracts,RECONCILE_BACKLOG,a6ae18501c47e866040a650e3c4d60f5894dfcd1,cursor/engineering-documentation-updates-5bae,main,,2026-10-04,https://github.com/2qjckdknjf-ctrl/Aistroyka-web/pull/349
PR-348,348,fix(approvals): stop dropping submitted reports from the manager queue,RECONCILE_BACKLOG,c43905ebb76768e5669bc1b414e0c3354e7f79d3,cursor/critical-bug-investigation-122b,main,,2026-10-04,https://github.com/2qjckdknjf-ctrl/Aistroyka-web/pull/348
PR-347,347,fix(security): close field daily log PostgREST wipe of confirmed rows,RECONCILE_BACKLOG,b0da9fa7625bbc7c5c0fc1a1b2fdfbe98dbb9e6b,cursor/critical-bug-investigation-a425,main,,2026-10-04,https://github.com/2qjckdknjf-ctrl/Aistroyka-web/pull/347
PR-345,345,docs: align Cursor/Codex with ordered AISTROYKA AI roadmap,RECONCILE_BACKLOG,9fcd650c114e2f0f22cc5a153ea03ecec476976b,docs/ai-development-alignment-2026-09-15,main,,2026-10-04,https://github.com/2qjckdknjf-ctrl/Aistroyka-web/pull/345
PR-341,341,chore(restack): test governance onto current foundation,RECONCILE_BACKLOG,cdb9713a641a94c59e53187888f471016694dce6,feature/agentic-governance-p0-slice-01,restack/agentic-governance-p0-2026-09-12,,2026-10-04,https://github.com/2qjckdknjf-ctrl/Aistroyka-web/pull/341
PR-340,340,chore(validation): governance exact-head cdb9713a,VALIDATION_EVIDENCE,cdb9713a641a94c59e53187888f471016694dce6,validation/agentic-governance-p0-head-d8e72c70,main,,2026-10-04,https://github.com/2qjckdknjf-ctrl/Aistroyka-web/pull/340
PR-336,336,chore(validation): Site Intelligence exact-head d8823639,VALIDATION_EVIDENCE,d8823639de7c416acbcdd6997a4853265b93778e,validation/site-intelligence-head-d8823639,main,,2026-10-04,https://github.com/2qjckdknjf-ctrl/Aistroyka-web/pull/336
PR-335,335,chore(validation): governance exact-head 9f8a71ec,VALIDATION_EVIDENCE,9f8a71ec1494bb3640993b1beb5826315007d41f,validation/agentic-governance-p0-head-9f8a71ec,main,,2026-10-04,https://github.com/2qjckdknjf-ctrl/Aistroyka-web/pull/335
PR-330,330,chore(validation): agentic governance exact-head 976fe54e,VALIDATION_EVIDENCE,976fe54e014fae2c5da0cfb82158ff26cf37ead7,validation/agentic-governance-p0-head-976fe54e,main,,2026-10-04,https://github.com/2qjckdknjf-ctrl/Aistroyka-web/pull/330
PR-329,329,chore(validation): agentic governance exact-head 0f5c4525,VALIDATION_EVIDENCE,0f5c4525b92042f4b350149d6378e99e35630105,validation/agentic-governance-p0-head-0f5c4525,main,,2026-10-04,https://github.com/2qjckdknjf-ctrl/Aistroyka-web/pull/329
PR-328,328,chore(validation): integrated Site Intelligence exact-head 7b2c1642,VALIDATION_EVIDENCE,7b2c1642c4abf09c58f508f572e596097764b034,validation/site-intelligence-integrated-head-7b2c1642,main,,2026-10-04,https://github.com/2qjckdknjf-ctrl/Aistroyka-web/pull/328
PR-327,327,chore(validation): agentic governance exact-head 5f2ffd08,VALIDATION_EVIDENCE,5f2ffd088fe9af92199aaf82e9ae24349da75fa1,validation/agentic-governance-p0-head-5f2ffd08,main,,2026-10-04,https://github.com/2qjckdknjf-ctrl/Aistroyka-web/pull/327
PR-326,326,chore(validation): integrated Site Intelligence exact-head CI,VALIDATION_EVIDENCE,3cb85a950e53a4a1744298425c5d63d6cbf8d42a,validation/site-intelligence-integrated-head-3cb85a95,main,,2026-10-04,https://github.com/2qjckdknjf-ctrl/Aistroyka-web/pull/326
SITE-INTELLIGENCE,325,feat(agentic): integrate Site Intelligence on current governance,RECONCILE_BACKLOG,d8823639de7c416acbcdd6997a4853265b93778e,feature/site-intelligence-governance-integrated-2026-09-09,feature/agentic-governance-p0-slice-01,,2026-10-04,https://github.com/2qjckdknjf-ctrl/Aistroyka-web/pull/325
PR-324,324,chore(validation): agentic governance exact-head 76145596,VALIDATION_EVIDENCE,76145596d89ac592d113869bf6c5fe9cad5b61f7,validation/agentic-governance-p0-head-76145596,main,,2026-10-04,https://github.com/2qjckdknjf-ctrl/Aistroyka-web/pull/324
PR-323,323,chore(validation): persisted Site Intelligence v2 exact-head CI,VALIDATION_EVIDENCE,a8119959707a5081832d5e1c2782cb4069418231,validation/site-intelligence-persisted-read-v2-main-2026-09-09,main,,2026-10-04,https://github.com/2qjckdknjf-ctrl/Aistroyka-web/pull/323
PR-322,322,chore(validation): Site Observation v2 + governance v3 exact-head CI,VALIDATION_EVIDENCE,50f2322bc3cb7a21c01f45acce5c93e642df8588,validation/site-intelligence-observation-v2-main-2026-09-09,main,,2026-10-04,https://github.com/2qjckdknjf-ctrl/Aistroyka-web/pull/322
PR-321,321,chore(validation): persisted Site Intelligence exact-head CI,VALIDATION_EVIDENCE,d62febf394c23caa29ab10ef4523c74afdebc5aa,validation/site-intelligence-persisted-read-main-2026-09-09,main,,2026-10-04,https://github.com/2qjckdknjf-ctrl/Aistroyka-web/pull/321
SITE-INTELLIGENCE,320,feat(agentic): add persisted Site Intelligence read skill,RECONCILE_BACKLOG,75a8623d306a4a8f7520fde10d902604947ee5f3,feature/site-intelligence-persisted-read-slice-02,feature/site-intelligence-observation-contract-2026-09-09,,2026-10-04,https://github.com/2qjckdknjf-ctrl/Aistroyka-web/pull/320
PR-319,319,chore(validation): Site Intelligence observation exact-head CI,VALIDATION_EVIDENCE,e0b82444b71911989cb12fd7698fb0e18dba83f7,validation/site-intelligence-observation-main-2026-09-09,main,,2026-10-04,https://github.com/2qjckdknjf-ctrl/Aistroyka-web/pull/319
SITE-INTELLIGENCE,318,feat(agentic): add Site Intelligence observation contract,RECONCILE_BACKLOG,7814fd3ce4c99da6a373b82e745ab890d21fb7e5,feature/site-intelligence-observation-contract-2026-09-09,feature/agentic-governance-p0-slice-01,,2026-10-04,https://github.com/2qjckdknjf-ctrl/Aistroyka-web/pull/318
PR-317,317,fix(ai): enforce project authorization for video analysis,RECONCILE_BACKLOG,fff1336d31fa035687a876204636a21b9976214a,fix/ai-video-project-authz-2026-09-09,main,,2026-10-04,https://github.com/2qjckdknjf-ctrl/Aistroyka-web/pull/317
PR-316,316,chore(validation): agentic governance P0 exact-head CI,VALIDATION_EVIDENCE,699762d165e2eca664b4c257c5334362fc908e27,validation/agentic-governance-p0-main-2026-09-09,main,,2026-10-04,https://github.com/2qjckdknjf-ctrl/Aistroyka-web/pull/316
AGENT-001,315,feat(agentic): add P0 runtime authorization and execution evidence,RECONCILE_BACKLOG,cdb9713a641a94c59e53187888f471016694dce6,feature/agentic-governance-p0-slice-01,feature/agentic-foundation-slice-01,,2026-10-04,https://github.com/2qjckdknjf-ctrl/Aistroyka-web/pull/315
PR-313,313,docs: add governed AI innovation backlog for AISTROYKA and ROMA,RECONCILE_BACKLOG,ee7dcc7f0430f5493762c6e972039d6d27e85552,docs/ai-innovation-backlog-2026-09-08,main,,2026-10-04,https://github.com/2qjckdknjf-ctrl/Aistroyka-web/pull/313
PR-308,308,chore(validation): Android Wave 13 final candidate API34 smoke,RECONCILE_BACKLOG,50706fa34920f686ceb894c8dac7b7a0a11f4507,release-hardening/android-final-candidate-validation,main,,2026-10-04,https://github.com/2qjckdknjf-ctrl/Aistroyka-web/pull/308
PR-294,294,chore(validation): final release-hardening stack CI,RECONCILE_BACKLOG,5fdf44cb79d06a3aa5053caa551b2498e822596c,release-hardening/field-wave-2,main,,2026-10-04,https://github.com/2qjckdknjf-ctrl/Aistroyka-web/pull/294
PR-293,293,fix(worker): preserve Today cache on task query failures (rebased),RECONCILE_BACKLOG,5fdf44cb79d06a3aa5053caa551b2498e822596c,release-hardening/field-wave-2,release-hardening/security-wave-4b,,2026-10-04,https://github.com/2qjckdknjf-ctrl/Aistroyka-web/pull/293
PR-292,292,chore(validation): corrected security waves 1-4b CI,RECONCILE_BACKLOG,cc20bac972c8880233dc6883307f921906bbf6b7,release-hardening/security-wave-4b,main,,2026-10-04,https://github.com/2qjckdknjf-ctrl/Aistroyka-web/pull/292
PR-291,291,fix(security): release hardening wave 4b aftercare assignments sync,RECONCILE_BACKLOG,cc20bac972c8880233dc6883307f921906bbf6b7,release-hardening/security-wave-4b,release-hardening/security-wave-3,,2026-10-04,https://github.com/2qjckdknjf-ctrl/Aistroyka-web/pull/291
PR-290,290,chore(validation): full release-hardening stack CI,RECONCILE_BACKLOG,4eb8c930039d6f6d9a44fa0a2540e1f0b6dc5d3d,release-hardening/field-wave-1,main,,2026-10-04,https://github.com/2qjckdknjf-ctrl/Aistroyka-web/pull/290
PR-289,289,fix(worker): preserve Today cache on task query failures,RECONCILE_BACKLOG,4eb8c930039d6f6d9a44fa0a2540e1f0b6dc5d3d,release-hardening/field-wave-1,release-hardening/security-wave-3,,2026-10-04,https://github.com/2qjckdknjf-ctrl/Aistroyka-web/pull/289
PR-281,281,fix(api): actually remove members on Team revoke,RECONCILE_BACKLOG,20b8a956988546905bd42ae1ba6925b51d680264,cursor/critical-bug-investigation-ab24,main,,2026-10-04,https://github.com/2qjckdknjf-ctrl/Aistroyka-web/pull/281
PR-280,280,fix: close PR #277 P1 auth and Worker evidence gaps,RECONCILE_BACKLOG,8bd5eb69ec6e96c6a1eac27deb0e921c8780f215,fix/pr277-p1-forward-fix,main,,2026-10-04,https://github.com/2qjckdknjf-ctrl/Aistroyka-web/pull/280
PR-279,279,"docs: website acquisition, auth providers, and worker issue PATCH",RECONCILE_BACKLOG,95555df0c34fdbc44746282dacd77b7fc1955eaf,cursor/engineering-documentation-updates-c913,main,,2026-10-04,https://github.com/2qjckdknjf-ctrl/Aistroyka-web/pull/279
PR-278,278,fix(api): attach Worker correction photos on changes_requested reports,RECONCILE_BACKLOG,61de57ae3ba3a83ae8c0e4b987fa2c5320dc8d0b,cursor/critical-bug-investigation-51e9,main,,2026-10-04,https://github.com/2qjckdknjf-ctrl/Aistroyka-web/pull/278
PR-276,276,fix(ios): attach Worker issue photo on create,RECONCILE_BACKLOG,9c4dd92aa19cd1e84eeee4b2f096133ab027fa3f,cursor/critical-bug-investigation-b335,main,,2026-10-04,https://github.com/2qjckdknjf-ctrl/Aistroyka-web/pull/276
PR-275,275,fix(ios): show the live site photo on Worker Today,RECONCILE_BACKLOG,9394be70cbbe0364ae5efbdeba9a4b9bec8e7187,fix/ios-worker-live-site-photo,main,,2026-10-04,https://github.com/2qjckdknjf-ctrl/Aistroyka-web/pull/275
PR-274,274,fix(ios): open the live report from Manager AI jobs,RECONCILE_BACKLOG,214eb715edfb5dce3c5aa21600c07e93c7187d3f,fix/ios-manager-ai-job-opens-report,main,,2026-10-04,https://github.com/2qjckdknjf-ctrl/Aistroyka-web/pull/274
PR-273,273,fix(ios): Worker issue assignee mutate + live Manager report AI status,RECONCILE_BACKLOG,05ff33092ce7885e154482198db6fd01b45d1654,fix/ios-live-issue-assignee-ai-status,main,,2026-10-04,https://github.com/2qjckdknjf-ctrl/Aistroyka-web/pull/273
AGENT-001,265,feat(ai): Agentic Foundation Slice 01 (read-only Construction AI OS),RECONCILE_BACKLOG,1ce501583971895f1b2eedcb2b3f872b483f24b8,feature/agentic-foundation-slice-01,main,/Users/alex/Projects/AISTROYKA-agentic-foundation-slice-01,2026-10-04,https://github.com/2qjckdknjf-ctrl/Aistroyka-web/pull/265
PR-264,264,fix(ios): persist Worker document pins and count real offline files,RECONCILE_BACKLOG,1a66988dded050987afd109c1c4d684f18a7f4e4,fix/worker-document-offline-pin,main,,2026-10-04,https://github.com/2qjckdknjf-ctrl/Aistroyka-web/pull/264
PR-246,246,docs(auth): password recovery runbook and dual-role cabinet routing,RECONCILE_BACKLOG,e3f7eac03bfbf5630b5932b708d43fd8a6a59e56,cursor/engineering-documentation-updates-c339,main,,2026-10-04,https://github.com/2qjckdknjf-ctrl/Aistroyka-web/pull/246
OWNER-EVIDENCE,244,"feat(pilot): governed AI, evidence chain, owner portal slice",RECONCILE_BACKLOG,628bb6b1ac08c1fffe9078ff6627774995c95fdb,feature/pilot-governed-ai-owner-evidence-2026-08-24,main,/Users/alex/Projects/AISTROYKA-pilot-governed-ai-2026-08-24,2026-10-04,https://github.com/2qjckdknjf-ctrl/Aistroyka-web/pull/244
PR-222,222,fix(security): block PostgREST wipe/forge of idempotency and ops tables,RECONCILE_BACKLOG,1e2e91058bc5752d7b73f12db356d33aebfc39bb,cursor/critical-bug-investigation-e972,main,,2026-10-04,https://github.com/2qjckdknjf-ctrl/Aistroyka-web/pull/222
DESIGN-001,221,Product Design Remediation Slice 02,RECONCILE_BACKLOG,818d088734730bf5ad86b86ea73df6b5af0aff62,design/product-design-remediation-slice-02-2026-08-11,main,/Users/alex/Projects/AISTROYKA-product-design-remediation-slice-02-2026-08-11,2026-10-04,https://github.com/2qjckdknjf-ctrl/Aistroyka-web/pull/221
PR-220,220,fix(security): block PostgREST wipe/forge of photo annotations and comments,RECONCILE_BACKLOG,785d18b30e6e34ea0deb4e2cd4e337af3c8abe67,cursor/critical-bug-investigation-16ac,main,,2026-10-04,https://github.com/2qjckdknjf-ctrl/Aistroyka-web/pull/220
PR-219,219,"docs: task chat, admin domain, and AI pipeline operator notes",RECONCILE_BACKLOG,f6df3059077994f6f86e464b130c91160baa3171,cursor/engineering-documentation-updates-aa1f,main,,2026-10-04,https://github.com/2qjckdknjf-ctrl/Aistroyka-web/pull/219
PR-218,218,"fix(security): block PostgREST forgery of aftercare, assignments, sync cursors",RECONCILE_BACKLOG,8cd2ec8d65da7398bffdff3bff81c29bdb48d166,cursor/critical-bug-investigation-e06e,main,,2026-10-04,https://github.com/2qjckdknjf-ctrl/Aistroyka-web/pull/218
PR-216,216,fix(security): block PostgREST forgery of client decisions and costs,RECONCILE_BACKLOG,253df9f5b6dab6c99b26f8665b238f7c118f83cb,cursor/critical-bug-investigation-0b8a,main,,2026-10-04,https://github.com/2qjckdknjf-ctrl/Aistroyka-web/pull/216
PR-213,213,fix(security): block viewer PostgREST writes on worker and project ops,RECONCILE_BACKLOG,8fbd3cc3eade1db53837ca779568031b2d859809,cursor/critical-bug-investigation-3062,main,,2026-10-04,https://github.com/2qjckdknjf-ctrl/Aistroyka-web/pull/213
PR-212,212,fix(security): block viewer project deletes and forged estimate approvals,RECONCILE_BACKLOG,e5b0964d886258b833618075c0c4c751d9492f20,cursor/critical-bug-investigation-689e,main,,2026-10-04,https://github.com/2qjckdknjf-ctrl/Aistroyka-web/pull/212
PR-210,210,fix(security): block change-order worker writes and proof-token leaks,RECONCILE_BACKLOG,1e3286e6fcf73cfe874b3d2c0734273007a95821,cursor/critical-bug-investigation-d87a,main,,2026-10-04,https://github.com/2qjckdknjf-ctrl/Aistroyka-web/pull/210
PR-209,209,fix(security): block membership privilege escalation and Stripe ingress write loss,RECONCILE_BACKLOG,a61a7f1723277f2f1ba8ee3f1f0d885e93a6cc5c,cursor/critical-bug-investigation-2e94,main,,2026-10-04,https://github.com/2qjckdknjf-ctrl/Aistroyka-web/pull/209
PR-208,208,fix: restore paid Stripe entitlements and recoverable offline uploads,RECONCILE_BACKLOG,2197649938487df5164905371e5bbade0c19dbda,cursor/critical-bug-investigation-3fa7,main,,2026-10-04,https://github.com/2qjckdknjf-ctrl/Aistroyka-web/pull/208
PR-207,207,docs: task chat contracts + admin domain current-state refresh,RECONCILE_BACKLOG,bd213635751d24d585c370133f49b418dbce1387,cursor/engineering-documentation-updates-f024,main,,2026-10-04,https://github.com/2qjckdknjf-ctrl/Aistroyka-web/pull/207
PR-206,206,fix(security): close stakeholder media/AI RLS writes and keep worker feedback,RECONCILE_BACKLOG,294ae4bb7aafdbbc56af5fed3f04739d2fa875d0,cursor/critical-bug-investigation-cb6a,main,,2026-10-04,https://github.com/2qjckdknjf-ctrl/Aistroyka-web/pull/206
PR-205,205,fix: restore portal decision-maker responds and retry offline uploads,RECONCILE_BACKLOG,38a1ca245d410f7cbcaabfa98d0e4d1c38013928,cursor/critical-bug-investigation-0719,main,,2026-10-04,https://github.com/2qjckdknjf-ctrl/Aistroyka-web/pull/205
PR-203,203,fix(security): block viewer change-order approve and restore decision-maker writes,RECONCILE_BACKLOG,2d9ae753375a70f57614e665e656fdd73cf22c5e,cursor/critical-bug-investigation-a082,main,,2026-10-04,https://github.com/2qjckdknjf-ctrl/Aistroyka-web/pull/203
PR-202,202,fix(billing): prevent permanent Stripe webhook write loss on retry,RECONCILE_BACKLOG,b049c74ce0124e3eb8869b8a8f571081eae3877a,cursor/critical-bug-investigation-9470,main,,2026-10-04,https://github.com/2qjckdknjf-ctrl/Aistroyka-web/pull/202
PR-201,201,fix: restore report photo URLs and block false submit success,RECONCILE_BACKLOG,df650711a671d99dd21603d4c67a2ed40bc496bc,cursor/critical-bug-investigation-5282,main,,2026-10-04,https://github.com/2qjckdknjf-ctrl/Aistroyka-web/pull/201
PR-200,200,fix(security): block anonymous AI analyze and cross-tenant job processing,RECONCILE_BACKLOG,ec0a82f610abceb2e85bead7754af3128cc57d82,cursor/critical-bug-investigation-56f2,main,,2026-10-04,https://github.com/2qjckdknjf-ctrl/Aistroyka-web/pull/200
PR-199,199,fix: restore worker changes_requested feedback and sync bootstrap recovery,RECONCILE_BACKLOG,195f2693bc9c6c70f2fdd42005aae0fcae468700,cursor/critical-bug-investigation-2938,main,,2026-10-04,https://github.com/2qjckdknjf-ctrl/Aistroyka-web/pull/199
PR-198,198,"docs: keep task chat API, push, and offline queue current",RECONCILE_BACKLOG,2bfda4da50679d14a87ac956c4acf486a7687246,cursor/engineering-documentation-updates-5ce8,main,,2026-10-04,https://github.com/2qjckdknjf-ctrl/Aistroyka-web/pull/198
PR-197,197,fix: revoke paid access after Stripe cancel; block fake report photo proof,RECONCILE_BACKLOG,b254bf8605c84569fcaba9b0ff9cc91710c17b69,cursor/critical-bug-investigation-3801,main,,2026-10-04,https://github.com/2qjckdknjf-ctrl/Aistroyka-web/pull/197
PR-196,196,fix(security): close upload session rewrite and billing/media leaks,RECONCILE_BACKLOG,fac8e1a523867881888d9aee043fd18285edcfad,cursor/critical-bug-investigation-5077,main,,2026-10-04,https://github.com/2qjckdknjf-ctrl/Aistroyka-web/pull/196
PR-195,195,fix(security): fail-closed staging cron job auth,RECONCILE_BACKLOG,9dff5b08a40a849fb764e080c59060112c8ee5a1,cursor/critical-bug-investigation-c341,main,,2026-10-04,https://github.com/2qjckdknjf-ctrl/Aistroyka-web/pull/195
PR-194,194,fix: prevent task chat newest-message wipe on media reload,RECONCILE_BACKLOG,6a0e9b8dc817b5725f7c6e90839fbf2097d0d7b6,cursor/critical-bug-investigation-7211,main,,2026-10-04,https://github.com/2qjckdknjf-ctrl/Aistroyka-web/pull/194
PR-193,193,fix: prevent task chat assignment bypass,RECONCILE_BACKLOG,54f63b65ebab96845650bda9181b61499c2249fb,cursor/critical-bug-investigation-e7e5,main,,2026-10-04,https://github.com/2qjckdknjf-ctrl/Aistroyka-web/pull/193
PR-192,192,fix: close task chat worker authorization bypass,RECONCILE_BACKLOG,b6082920c0cca0a19aace98c6a711634db055dd5,cursor/critical-bug-investigation-cab2,main,,2026-10-04,https://github.com/2qjckdknjf-ctrl/Aistroyka-web/pull/192
PR-191,191,fix: enforce assignment-scoped worker task chat access,RECONCILE_BACKLOG,3691bd9eb446ee6bb32d24c67a5314db2fe9f545,cursor/critical-bug-investigation-ea8c,main,,2026-10-04,https://github.com/2qjckdknjf-ctrl/Aistroyka-web/pull/191
PR-190,190,docs: document task chat API contract,RECONCILE_BACKLOG,6c63318d16be20bb45aa6015fcfee334778835c6,cursor/engineering-documentation-updates-f48e,main,,2026-10-04,https://github.com/2qjckdknjf-ctrl/Aistroyka-web/pull/190
PR-189,189,fix: restrict task chat message updates,RECONCILE_BACKLOG,ed651d931b2d358f8cc217e60506b74a295d119d,cursor/critical-bug-investigation-b24a,main,,2026-10-04,https://github.com/2qjckdknjf-ctrl/Aistroyka-web/pull/189
PR-181,181,feat(pilot): close P1 manager workflow readiness,RECONCILE_BACKLOG,64a941eb2538e8775656b3c8a915dce3c66893b3,post-merge-pr180,main,,2026-10-04,https://github.com/2qjckdknjf-ctrl/Aistroyka-web/pull/181
PR-178,178,docs: add russian audit report and default russian responses,RECONCILE_BACKLOG,ee15985f258287201e7de57369d6d83ebf817150,cursor/russian-default-95a4,main,,2026-10-04,https://github.com/2qjckdknjf-ctrl/Aistroyka-web/pull/178
PR-119,119,Fix partial invite membership provisioning,RECONCILE_BACKLOG,d0ed7258b898b0f1e8466e858e54f9ae2d3c0520,cursor/critical-bug-investigation-66e8,main,,2026-10-04,https://github.com/2qjckdknjf-ctrl/Aistroyka-web/pull/119
AI-FLYWHEEL,106,feat(ai-flywheel): expert review queue MVP (CI validation),RECONCILE_BACKLOG,498b6743d41c14e35bcef8fed0981561c0931134,ai/expert-review-queue-mvp,main,,2026-10-04,https://github.com/2qjckdknjf-ctrl/Aistroyka-web/pull/106
AI-FLYWHEEL,104,feat(ai-flywheel): Gold Memory MVP retrieval layer,RECONCILE_BACKLOG,98a068c1d6e87c9d419fe25457e2317b6f22fadb,ai/gold-memory-mvp,main,,2026-10-04,https://github.com/2qjckdknjf-ctrl/Aistroyka-web/pull/104
AI-FLYWHEEL,103,chore(ai-flywheel): close final feedback gating and validation tails,RECONCILE_BACKLOG,20b4f3f7dff888da3401679e1dd8f2244a3c0544,ai/flywheel-final-tail-closure,main,,2026-10-04,https://github.com/2qjckdknjf-ctrl/Aistroyka-web/pull/103
